profile_id,strategy_id,scenario_id,first_breach_month,breach_reason,liquid_savings_at_breach,investment_value_at_breach,outstanding_home_loan_at_breach,net_worth_at_breach
P001,P001_full_cash,baseline,13,below_emergency_reserve,305000,1288465,0,11593465
P001,P001_full_cash,job_loss_6m,13,below_emergency_reserve,0,1173465,0,11173465
P001,P001_full_cash,market_crash,13,below_emergency_reserve,305000,557218,0,10862218
P001,P001_full_cash,medical_emergency,13,below_emergency_reserve,305000,1288465,0,11593465
P001,P001_full_cash,rate_hike,13,below_emergency_reserve,305000,1288465,0,11593465
P001,P001_full_cash,compound_shock,13,below_emergency_reserve,0,348343,0,10348343
P001,P001_high_down_payment,baseline,,no_breach,,,,
P001,P001_high_down_payment,job_loss_6m,13,emi_affordability_limit,3170656,2437490,4992273,10615873
P001,P001_high_down_payment,market_crash,,no_breach,,,,
P001,P001_high_down_payment,medical_emergency,,no_breach,,,,
P001,P001_high_down_payment,rate_hike,,no_breach,,,,
P001,P001_high_down_payment,compound_shock,13,emi_affordability_limit,3198656,1584368,4992273,9790752
P001,P001_balanced_hybrid,baseline,,no_breach,,,,
P001,P001_balanced_hybrid,job_loss_6m,13,emi_affordability_limit,5420152,2437490,7493421,10364221
P001,P001_balanced_hybrid,market_crash,,no_breach,,,,
P001,P001_balanced_hybrid,medical_emergency,,no_breach,,,,
P001,P001_balanced_hybrid,rate_hike,,no_breach,,,,
P001,P001_balanced_hybrid,compound_shock,13,emi_affordability_limit,5448152,1584368,7493421,9539100
P001,P001_delay_build,baseline,,no_breach,,,,
P001,P001_delay_build,job_loss_6m,13,emi_affordability_limit,7998264,2437490,6500000,3935754
P001,P001_delay_build,market_crash,,no_breach,,,,
P001,P001_delay_build,medical_emergency,,no_breach,,,,
P001,P001_delay_build,rate_hike,,no_breach,,,,
P001,P001_delay_build,compound_shock,13,emi_affordability_limit,8026264,1584368,6500000,3110633
P002,P002_full_cash,baseline,1,below_emergency_reserve,272000,0,0,10272000
P002,P002_full_cash,job_loss_6m,1,below_emergency_reserve,272000,0,0,10272000
P002,P002_full_cash,market_crash,1,below_emergency_reserve,272000,0,0,10272000
P002,P002_full_cash,medical_emergency,1,below_emergency_reserve,272000,0,0,10272000
P002,P002_full_cash,rate_hike,1,below_emergency_reserve,272000,0,0,10272000
P002,P002_full_cash,compound_shock,1,below_emergency_reserve,272000,0,0,10272000
P002,P002_high_down_payment,baseline,1,below_emergency_reserve,227883,0,4992273,5235610
P002,P002_high_down_payment,job_loss_6m,1,below_emergency_reserve,227883,0,4992273,5235610
P002,P002_high_down_payment,market_crash,1,below_emergency_reserve,227883,0,4992273,5235610
P002,P002_high_down_payment,medical_emergency,1,below_emergency_reserve,227883,0,4992273,5235610
P002,P002_high_down_payment,rate_hike,1,below_emergency_reserve,227883,0,4992273,5235610
P002,P002_high_down_payment,compound_shock,1,below_emergency_reserve,227883,0,4992273,5235610
P002,P002_balanced_hybrid,baseline,1,below_emergency_reserve,208602,301750,7493421,3016931
P002,P002_balanced_hybrid,job_loss_6m,1,below_emergency_reserve,208602,301750,7493421,3016931
P002,P002_balanced_hybrid,market_crash,1,below_emergency_reserve,208602,301750,7493421,3016931
P002,P002_balanced_hybrid,medical_emergency,1,below_emergency_reserve,208602,301750,7493421,3016931
P002,P002_balanced_hybrid,rate_hike,1,below_emergency_reserve,208602,301750,7493421,3016931
P002,P002_balanced_hybrid,compound_shock,1,below_emergency_reserve,208602,301750,7493421,3016931
P002,P002_delay_build,baseline,1,below_emergency_reserve,1714559,1307583,6500000,-3477858
P002,P002_delay_build,job_loss_6m,1,below_emergency_reserve,1714559,1307583,6500000,-3477858
P002,P002_delay_build,market_crash,1,below_emergency_reserve,1714559,1307583,6500000,-3477858
P002,P002_delay_build,medical_emergency,1,below_emergency_reserve,1714559,1307583,6500000,-3477858
P002,P002_delay_build,rate_hike,1,below_emergency_reserve,1714559,1307583,6500000,-3477858
P002,P002_delay_build,compound_shock,1,below_emergency_reserve,1714559,1307583,6500000,-3477858
P003,P003_full_cash,baseline,1,below_emergency_reserve,1275000,5431500,0,6706500
P003,P003_full_cash,job_loss_6m,1,below_emergency_reserve,1275000,5431500,0,6706500
P003,P003_full_cash,market_crash,1,below_emergency_reserve,1275000,5431500,0,6706500
P003,P003_full_cash,medical_emergency,1,below_emergency_reserve,1275000,5431500,0,6706500
P003,P003_full_cash,rate_hike,1,below_emergency_reserve,1275000,5431500,0,6706500
P003,P003_full_cash,compound_shock,1,below_emergency_reserve,1275000,5431500,0,6706500
P003,P003_high_down_payment,baseline,1,below_emergency_reserve,1230814,5431500,5000000,1662314
P003,P003_high_down_payment,job_loss_6m,1,below_emergency_reserve,1230814,5431500,5000000,1662314
P003,P003_high_down_payment,market_crash,1,below_emergency_reserve,1230814,5431500,5000000,1662314
P003,P003_high_down_payment,medical_emergency,1,below_emergency_reserve,1230814,5431500,5000000,1662314
P003,P003_high_down_payment,rate_hike,1,below_emergency_reserve,1230814,5431500,5000000,1662314
P003,P003_high_down_payment,compound_shock,1,below_emergency_reserve,1230814,5431500,5000000,1662314
P003,P003_balanced_hybrid,baseline,1,below_emergency_reserve,1211546,5431500,7500000,-856954
P003,P003_balanced_hybrid,job_loss_6m,1,below_emergency_reserve,1211546,5431500,7500000,-856954
P003,P003_balanced_hybrid,market_crash,1,below_emergency_reserve,1211546,5431500,7500000,-856954
P003,P003_balanced_hybrid,medical_emergency,1,below_emergency_reserve,1211546,5431500,7500000,-856954
P003,P003_balanced_hybrid,rate_hike,1,below_emergency_reserve,1211546,5431500,7500000,-856954
P003,P003_balanced_hybrid,compound_shock,1,below_emergency_reserve,1211546,5431500,7500000,-856954
P003,P003_delay_build,baseline,1,below_emergency_reserve,1217559,5431500,6500000,149059
P003,P003_delay_build,job_loss_6m,1,below_emergency_reserve,1217559,5431500,6500000,149059
P003,P003_delay_build,market_crash,1,below_emergency_reserve,1217559,5431500,6500000,149059
P003,P003_delay_build,medical_emergency,1,below_emergency_reserve,1217559,5431500,6500000,149059
P003,P003_delay_build,rate_hike,1,below_emergency_reserve,1217559,5431500,6500000,149059
P003,P003_delay_build,compound_shock,1,below_emergency_reserve,1217559,5431500,6500000,149059
P004,P004_full_cash,baseline,7,below_emergency_reserve,128000,6552417,0,16680417
P004,P004_full_cash,job_loss_6m,7,below_emergency_reserve,128000,6552417,0,16680417
P004,P004_full_cash,market_crash,7,below_emergency_reserve,128000,6552417,0,16680417
P004,P004_full_cash,medical_emergency,7,below_emergency_reserve,128000,6552417,0,16680417
P004,P004_full_cash,rate_hike,7,below_emergency_reserve,128000,6552417,0,16680417
P004,P004_full_cash,compound_shock,7,below_emergency_reserve,128000,6552417,0,16680417
P004,P004_high_down_payment,baseline,7,below_emergency_reserve,83883,11324788,4992273,16416398
P004,P004_high_down_payment,job_loss_6m,7,below_emergency_reserve,83883,11324788,4992273,16416398
P004,P004_high_down_payment,market_crash,7,below_emergency_reserve,83883,11324788,4992273,16416398
P004,P004_high_down_payment,medical_emergency,7,below_emergency_reserve,83883,11324788,4992273,16416398
P004,P004_high_down_payment,rate_hike,7,below_emergency_reserve,83883,11324788,4992273,16416398
P004,P004_high_down_payment,compound_shock,7,below_emergency_reserve,83883,11324788,4992273,16416398
P004,P004_balanced_hybrid,baseline,,no_breach,,,,
P004,P004_balanced_hybrid,job_loss_6m,13,emi_affordability_limit,2315679,12187450,7452885,17050243
P004,P004_balanced_hybrid,market_crash,,no_breach,,,,
P004,P004_balanced_hybrid,medical_emergency,,no_breach,,,,
P004,P004_balanced_hybrid,rate_hike,,no_breach,,,,
P004,P004_balanced_hybrid,compound_shock,13,emi_affordability_limit,2330679,7921842,7452885,12799636
P004,P004_delay_build,baseline,,no_breach,,,,
P004,P004_delay_build,job_loss_6m,13,emi_affordability_limit,4892264,12187450,6500000,10579714
P004,P004_delay_build,market_crash,,no_breach,,,,
P004,P004_delay_build,medical_emergency,,no_breach,,,,
P004,P004_delay_build,rate_hike,,no_breach,,,,
P004,P004_delay_build,compound_shock,13,emi_affordability_limit,4907264,7921842,6500000,6329107
P005,P005_full_cash,baseline,1,below_emergency_reserve,2245000,1508750,0,3753750
P005,P005_full_cash,job_loss_6m,1,below_emergency_reserve,2245000,1508750,0,3753750
P005,P005_full_cash,market_crash,1,below_emergency_reserve,2245000,1508750,0,3753750
P005,P005_full_cash,medical_emergency,1,below_emergency_reserve,2245000,1508750,0,3753750
P005,P005_full_cash,rate_hike,1,below_emergency_reserve,2245000,1508750,0,3753750
P005,P005_full_cash,compound_shock,1,below_emergency_reserve,2245000,1508750,0,3753750
P005,P005_high_down_payment,baseline,1,below_emergency_reserve,2200814,1508750,5000000,-1290436
P005,P005_high_down_payment,job_loss_6m,1,below_emergency_reserve,2200814,1508750,5000000,-1290436
P005,P005_high_down_payment,market_crash,1,below_emergency_reserve,2200814,1508750,5000000,-1290436
P005,P005_high_down_payment,medical_emergency,1,below_emergency_reserve,2200814,1508750,5000000,-1290436
P005,P005_high_down_payment,rate_hike,1,below_emergency_reserve,2200814,1508750,5000000,-1290436
P005,P005_high_down_payment,compound_shock,1,below_emergency_reserve,2200814,1508750,5000000,-1290436
P005,P005_balanced_hybrid,baseline,1,below_emergency_reserve,2181546,1508750,7500000,-3809704
P005,P005_balanced_hybrid,job_loss_6m,1,below_emergency_reserve,2181546,1508750,7500000,-3809704
P005,P005_balanced_hybrid,market_crash,1,below_emergency_reserve,2181546,1508750,7500000,-3809704
P005,P005_balanced_hybrid,medical_emergency,1,below_emergency_reserve,2181546,1508750,7500000,-3809704
P005,P005_balanced_hybrid,rate_hike,1,below_emergency_reserve,2181546,1508750,7500000,-3809704
P005,P005_balanced_hybrid,compound_shock,1,below_emergency_reserve,2181546,1508750,7500000,-3809704
P005,P005_delay_build,baseline,1,below_emergency_reserve,2187559,1508750,6500000,-2803691
P005,P005_delay_build,job_loss_6m,1,below_emergency_reserve,2187559,1508750,6500000,-2803691
P005,P005_delay_build,market_crash,1,below_emergency_reserve,2187559,1508750,6500000,-2803691
P005,P005_delay_build,medical_emergency,1,below_emergency_reserve,2187559,1508750,6500000,-2803691
P005,P005_delay_build,rate_hike,1,below_emergency_reserve,2187559,1508750,6500000,-2803691
P005,P005_delay_build,compound_shock,1,below_emergency_reserve,2187559,1508750,6500000,-2803691
P006,P006_full_cash,baseline,19,below_emergency_reserve,95000,4498988,0,14593988
P006,P006_full_cash,job_loss_6m,19,below_emergency_reserve,95000,3367426,0,13462426
P006,P006_full_cash,market_crash,19,below_emergency_reserve,95000,2790209,0,12885209
P006,P006_full_cash,medical_emergency,19,below_emergency_reserve,95000,3644030,0,13739030
P006,P006_full_cash,rate_hike,19,below_emergency_reserve,95000,4498988,0,14593988
P006,P006_full_cash,compound_shock,19,below_emergency_reserve,0,715496,0,10715496
P006,P006_high_down_payment,baseline,,no_breach,,,,
P006,P006_high_down_payment,job_loss_6m,13,emi_affordability_limit,7573088,5500580,5000000,8073668
P006,P006_high_down_payment,market_crash,,no_breach,,,,
P006,P006_high_down_payment,medical_emergency,,no_breach,,,,
P006,P006_high_down_payment,rate_hike,,no_breach,,,,
P006,P006_high_down_payment,compound_shock,13,emi_affordability_limit,7585588,3575377,5000000,6160965
P006,P006_balanced_hybrid,baseline,,no_breach,,,,
P006,P006_balanced_hybrid,job_loss_6m,13,emi_affordability_limit,7322597,5500580,7500000,5323177
P006,P006_balanced_hybrid,market_crash,,no_breach,,,,
P006,P006_balanced_hybrid,medical_emergency,,no_breach,,,,
P006,P006_balanced_hybrid,rate_hike,,no_breach,,,,
P006,P006_balanced_hybrid,compound_shock,13,emi_affordability_limit,7335097,3575377,7500000,3410474
P006,P006_delay_build,baseline,,no_breach,,,,
P006,P006_delay_build,job_loss_6m,13,emi_affordability_limit,7400764,5500580,6500000,6401344
P006,P006_delay_build,market_crash,,no_breach,,,,
P006,P006_delay_build,medical_emergency,,no_breach,,,,
P006,P006_delay_build,rate_hike,,no_breach,,,,
P006,P006_delay_build,compound_shock,13,emi_affordability_limit,7413264,3575377,6500000,4488641
P007,P007_full_cash,baseline,1,below_emergency_reserve,250000,5039583,0,15289583
P007,P007_full_cash,job_loss_6m,1,below_emergency_reserve,250000,5039583,0,15289583
P007,P007_full_cash,market_crash,1,below_emergency_reserve,250000,5039583,0,15289583
P007,P007_full_cash,medical_emergency,1,below_emergency_reserve,250000,5039583,0,15289583
P007,P007_full_cash,rate_hike,1,below_emergency_reserve,250000,5039583,0,15289583
P007,P007_full_cash,compound_shock,1,below_emergency_reserve,250000,5039583,0,15289583
P007,P007_high_down_payment,baseline,,no_breach,,,,
P007,P007_high_down_payment,job_loss_6m,13,emi_affordability_limit,5260282,7755650,4895032,18120900
P007,P007_high_down_payment,market_crash,,no_breach,,,,
P007,P007_high_down_payment,medical_emergency,,no_breach,,,,
P007,P007_high_down_payment,rate_hike,,no_breach,,,,
P007,P007_high_down_payment,compound_shock,13,emi_affordability_limit,5288282,5041172,4895032,15434423
P007,P007_balanced_hybrid,baseline,,no_breach,,,,
P007,P007_balanced_hybrid,job_loss_6m,13,emi_affordability_limit,7508926,7755650,7410470,17854106
P007,P007_balanced_hybrid,market_crash,,no_breach,,,,
P007,P007_balanced_hybrid,medical_emergency,,no_breach,,,,
P007,P007_balanced_hybrid,rate_hike,,no_breach,,,,
P007,P007_balanced_hybrid,compound_shock,13,emi_affordability_limit,7536926,5041172,7410470,15167629
P007,P007_delay_build,baseline,,no_breach,,,,
P007,P007_delay_build,job_loss_6m,13,emi_affordability_limit,10083264,7755650,6500000,11338914
P007,P007_delay_build,market_crash,,no_breach,,,,
P007,P007_delay_build,medical_emergency,,no_breach,,,,
P007,P007_delay_build,rate_hike,,no_breach,,,,
P007,P007_delay_build,compound_shock,13,emi_affordability_limit,10111264,5041172,6500000,8652437
P008,P008_full_cash,baseline,7,below_emergency_reserve,325000,0,0,10325000
P008,P008_full_cash,job_loss_6m,7,below_emergency_reserve,325000,0,0,10325000
P008,P008_full_cash,market_crash,7,below_emergency_reserve,325000,0,0,10325000
P008,P008_full_cash,medical_emergency,7,below_emergency_reserve,325000,0,0,10325000
P008,P008_full_cash,rate_hike,7,below_emergency_reserve,325000,0,0,10325000
P008,P008_full_cash,compound_shock,7,below_emergency_reserve,325000,0,0,10325000
P008,P008_high_down_payment,baseline,7,below_emergency_reserve,565770,2958901,4992273,8532398
P008,P008_high_down_payment,job_loss_6m,7,below_emergency_reserve,565770,2958901,4992273,8532398
P008,P008_high_down_payment,market_crash,7,below_emergency_reserve,565770,2958901,4992273,8532398
P008,P008_high_down_payment,medical_emergency,7,below_emergency_reserve,565770,2958901,4992273,8532398
P008,P008_high_down_payment,rate_hike,7,below_emergency_reserve,565770,2958901,4992273,8532398
P008,P008_high_down_payment,compound_shock,7,below_emergency_reserve,565770,2958901,4992273,8532398
P008,P008_balanced_hybrid,baseline,,no_breach,,,,
P008,P008_balanced_hybrid,job_loss_6m,13,emi_affordability_limit,4089179,3102260,7452885,9738554
P008,P008_balanced_hybrid,market_crash,,no_breach,,,,
P008,P008_balanced_hybrid,medical_emergency,,no_breach,,,,
P008,P008_balanced_hybrid,rate_hike,,no_breach,,,,
P008,P008_balanced_hybrid,compound_shock,13,emi_affordability_limit,4116679,2016469,7452885,8680263
P008,P008_delay_build,baseline,,no_breach,,,,
P008,P008_delay_build,job_loss_6m,13,emi_affordability_limit,6665764,3102260,6500000,3268024
P008,P008_delay_build,market_crash,,no_breach,,,,
P008,P008_delay_build,medical_emergency,,no_breach,,,,
P008,P008_delay_build,rate_hike,,no_breach,,,,
P008,P008_delay_build,compound_shock,15,emi_affordability_limit,6452016,2048523,6500000,2000539
P009,P009_full_cash,baseline,7,below_emergency_reserve,112000,9118431,0,19230431
P009,P009_full_cash,job_loss_6m,7,below_emergency_reserve,112000,9118431,0,19230431
P009,P009_full_cash,market_crash,7,below_emergency_reserve,112000,9118431,0,19230431
P009,P009_full_cash,medical_emergency,7,below_emergency_reserve,112000,9118431,0,19230431
P009,P009_full_cash,rate_hike,7,below_emergency_reserve,112000,9118431,0,19230431
P009,P009_full_cash,compound_shock,7,below_emergency_reserve,112000,9118431,0,19230431
P009,P009_high_down_payment,baseline,,no_breach,,,,
P009,P009_high_down_payment,job_loss_6m,13,emi_affordability_limit,3781028,10857910,4944712,19694226
P009,P009_high_down_payment,market_crash,,no_breach,,,,
P009,P009_high_down_payment,medical_emergency,,no_breach,,,,
P009,P009_high_down_payment,rate_hike,,no_breach,,,,
P009,P009_high_down_payment,compound_shock,13,emi_affordability_limit,3794528,7057641,4944712,15907458
P009,P009_balanced_hybrid,baseline,,no_breach,,,,
P009,P009_balanced_hybrid,job_loss_6m,13,emi_affordability_limit,6030179,10857910,7452885,19435203
P009,P009_balanced_hybrid,market_crash,,no_breach,,,,
P009,P009_balanced_hybrid,medical_emergency,,no_breach,,,,
P009,P009_balanced_hybrid,rate_hike,,no_breach,,,,
P009,P009_balanced_hybrid,compound_shock,13,emi_affordability_limit,6043679,7057641,7452885,15648435
P009,P009_delay_build,baseline,,no_breach,,,,
P009,P009_delay_build,job_loss_6m,13,emi_affordability_limit,8606764,10857910,6500000,12964674
P009,P009_delay_build,market_crash,,no_breach,,,,
P009,P009_delay_build,medical_emergency,,no_breach,,,,
P009,P009_delay_build,rate_hike,,no_breach,,,,
P009,P009_delay_build,compound_shock,13,emi_affordability_limit,8620264,7057641,6500000,9177906
P010,P010_full_cash,baseline,7,below_emergency_reserve,190000,6856778,0,17046778
P010,P010_full_cash,job_loss_6m,7,below_emergency_reserve,190000,6856778,0,17046778
P010,P010_full_cash,market_crash,7,below_emergency_reserve,190000,6856778,0,17046778
P010,P010_full_cash,medical_emergency,7,below_emergency_reserve,190000,6856778,0,17046778
P010,P010_full_cash,rate_hike,7,below_emergency_reserve,190000,6856778,0,17046778
P010,P010_full_cash,compound_shock,7,below_emergency_reserve,190000,6856778,0,17046778
P010,P010_high_down_payment,baseline,7,below_emergency_reserve,3620770,8124128,4992273,16752625
P010,P010_high_down_payment,job_loss_6m,7,below_emergency_reserve,3620770,8124128,4992273,16752625
P010,P010_high_down_payment,market_crash,7,below_emergency_reserve,3620770,8124128,4992273,16752625
P010,P010_high_down_payment,medical_emergency,7,below_emergency_reserve,3620770,8124128,4992273,16752625
P010,P010_high_down_payment,rate_hike,7,below_emergency_reserve,3620770,8124128,4992273,16752625
P010,P010_high_down_payment,compound_shock,7,below_emergency_reserve,3620770,8124128,4992273,16752625
P010,P010_balanced_hybrid,baseline,,no_breach,,,,
P010,P010_balanced_hybrid,job_loss_6m,13,emi_affordability_limit,6266679,8412652,7452885,17226446
P010,P010_balanced_hybrid,market_crash,,no_breach,,,,
P010,P010_balanced_hybrid,medical_emergency,,no_breach,,,,
P010,P010_balanced_hybrid,rate_hike,,no_breach,,,,
P010,P010_balanced_hybrid,compound_shock,13,emi_affordability_limit,6298679,5468224,7452885,14314018
P010,P010_delay_build,baseline,,no_breach,,,,
P010,P010_delay_build,job_loss_6m,13,emi_affordability_limit,8843264,8412652,6500000,10755916
P010,P010_delay_build,market_crash,,no_breach,,,,
P010,P010_delay_build,medical_emergency,,no_breach,,,,
P010,P010_delay_build,rate_hike,,no_breach,,,,
P010,P010_delay_build,compound_shock,13,emi_affordability_limit,8875264,5468224,6500000,7843488
P011,P011_full_cash,baseline,25,below_emergency_reserve,80000,0,0,10080000
P011,P011_full_cash,job_loss_6m,25,below_emergency_reserve,80000,0,0,10080000
P011,P011_full_cash,market_crash,25,below_emergency_reserve,80000,0,0,10080000
P011,P011_full_cash,medical_emergency,25,below_emergency_reserve,80000,0,0,10080000
P011,P011_full_cash,rate_hike,25,below_emergency_reserve,80000,0,0,10080000
P011,P011_full_cash,compound_shock,25,below_emergency_reserve,80000,0,0,10080000
P011,P011_high_down_payment,baseline,25,below_emergency_reserve,35883,1588716,4992273,6632326
P011,P011_high_down_payment,job_loss_6m,13,emi_affordability_limit,3630588,2215900,5000000,846488
P011,P011_high_down_payment,market_crash,25,below_emergency_reserve,35883,857969,4992273,5901579
P011,P011_high_down_payment,medical_emergency,25,below_emergency_reserve,35883,731987,4992273,5775597
P011,P011_high_down_payment,rate_hike,25,below_emergency_reserve,29299,1522436,4994030,6557705
P011,P011_high_down_payment,compound_shock,13,emi_affordability_limit,3639588,1440335,5000000,79923
P011,P011_balanced_hybrid,baseline,,no_breach,,,,
P011,P011_balanced_hybrid,job_loss_6m,13,emi_affordability_limit,3380097,2215900,7500000,-1904004
P011,P011_balanced_hybrid,market_crash,,no_breach,,,,
P011,P011_balanced_hybrid,medical_emergency,25,below_emergency_reserve,363703,2435823,7493421,5306105
P011,P011_balanced_hybrid,rate_hike,15,emi_affordability_limit,3537591,2251124,7500000,-1711285
P011,P011_balanced_hybrid,compound_shock,13,emi_affordability_limit,3389097,1440335,7500000,-2670568
P011,P011_delay_build,baseline,25,below_emergency_reserve,364059,2435823,6489955,6309927
P011,P011_delay_build,job_loss_6m,13,emi_affordability_limit,3458264,2215900,6500000,-825836
P011,P011_delay_build,market_crash,25,below_emergency_reserve,364059,1705076,6489955,5579180
P011,P011_delay_build,medical_emergency,25,below_emergency_reserve,22648,1923208,6489955,5455901
P011,P011_delay_build,rate_hike,25,below_emergency_reserve,270013,2435823,6492239,6213597
P011,P011_delay_build,compound_shock,13,emi_affordability_limit,3467264,1440335,6500000,-1592401
P012,P012_full_cash,baseline,7,below_emergency_reserve,180000,275003,0,10455003
P012,P012_full_cash,job_loss_6m,7,below_emergency_reserve,180000,275003,0,10455003
P012,P012_full_cash,market_crash,7,below_emergency_reserve,180000,275003,0,10455003
P012,P012_full_cash,medical_emergency,7,below_emergency_reserve,180000,275003,0,10455003
P012,P012_full_cash,rate_hike,7,below_emergency_reserve,180000,275003,0,10455003
P012,P012_full_cash,compound_shock,7,below_emergency_reserve,180000,275003,0,10455003
P012,P012_high_down_payment,baseline,,no_breach,,,,
P012,P012_high_down_payment,job_loss_6m,13,emi_affordability_limit,4075028,1707140,4944712,10837456
P012,P012_high_down_payment,market_crash,,no_breach,,,,
P012,P012_high_down_payment,medical_emergency,,no_breach,,,,
P012,P012_high_down_payment,rate_hike,,no_breach,,,,
P012,P012_high_down_payment,compound_shock,,no_breach,,,,
P012,P012_balanced_hybrid,baseline,,no_breach,,,,
P012,P012_balanced_hybrid,job_loss_6m,13,emi_affordability_limit,6324179,1707140,7452885,10578434
P012,P012_balanced_hybrid,market_crash,,no_breach,,,,
P012,P012_balanced_hybrid,medical_emergency,,no_breach,,,,
P012,P012_balanced_hybrid,rate_hike,,no_breach,,,,
P012,P012_balanced_hybrid,compound_shock,13,emi_affordability_limit,6343679,1109641,7452885,10000435
P012,P012_delay_build,baseline,,no_breach,,,,
P012,P012_delay_build,job_loss_6m,13,emi_affordability_limit,8900764,1707140,6500000,4107904
P012,P012_delay_build,market_crash,,no_breach,,,,
P012,P012_delay_build,medical_emergency,,no_breach,,,,
P012,P012_delay_build,rate_hike,,no_breach,,,,
P012,P012_delay_build,compound_shock,13,emi_affordability_limit,8920264,1109641,6500000,3529905
P013,P013_full_cash,baseline,19,below_emergency_reserve,218000,12777933,0,22995933
P013,P013_full_cash,job_loss_6m,19,below_emergency_reserve,122000,11740786,0,21862786
P013,P013_full_cash,market_crash,19,below_emergency_reserve,218000,8944553,0,19162553
P013,P013_full_cash,medical_emergency,19,below_emergency_reserve,122000,12017963,0,22139963
P013,P013_full_cash,rate_hike,19,below_emergency_reserve,218000,12777933,0,22995933
P013,P013_full_cash,compound_shock,19,below_emergency_reserve,0,6635958,0,16635958
P013,P013_high_down_payment,baseline,,no_breach,,,,
P013,P013_high_down_payment,job_loss_6m,13,emi_affordability_limit,8724088,12187450,5000000,15911538
P013,P013_high_down_payment,market_crash,,no_breach,,,,
P013,P013_high_down_payment,medical_emergency,,no_breach,,,,
P013,P013_high_down_payment,rate_hike,,no_breach,,,,
P013,P013_high_down_payment,compound_shock,13,emi_affordability_limit,8736588,7921842,5000000,11658430
P013,P013_balanced_hybrid,baseline,,no_breach,,,,
P013,P013_balanced_hybrid,job_loss_6m,13,emi_affordability_limit,8473597,12187450,7500000,13161046
P013,P013_balanced_hybrid,market_crash,,no_breach,,,,
P013,P013_balanced_hybrid,medical_emergency,,no_breach,,,,
P013,P013_balanced_hybrid,rate_hike,,no_breach,,,,
P013,P013_balanced_hybrid,compound_shock,13,emi_affordability_limit,8486097,7921842,7500000,8907939
P013,P013_delay_build,baseline,,no_breach,,,,
P013,P013_delay_build,job_loss_6m,13,emi_affordability_limit,8551764,12187450,6500000,14239214
P013,P013_delay_build,market_crash,,no_breach,,,,
P013,P013_delay_build,medical_emergency,,no_breach,,,,
P013,P013_delay_build,rate_hike,,no_breach,,,,
P013,P013_delay_build,compound_shock,13,emi_affordability_limit,8564264,7921842,6500000,9986107
P014,P014_full_cash,baseline,13,below_emergency_reserve,140000,0,0,10140000
P014,P014_full_cash,job_loss_6m,13,insufficient_funds,-70000,0,0,9930000
P014,P014_full_cash,market_crash,13,below_emergency_reserve,140000,0,0,10140000
P014,P014_full_cash,medical_emergency,13,below_emergency_reserve,140000,0,0,10140000
P014,P014_full_cash,rate_hike,13,below_emergency_reserve,140000,0,0,10140000
P014,P014_full_cash,compound_shock,13,insufficient_funds,-56000,0,0,9944000
P014,P014_high_down_payment,baseline,,no_breach,,,,
P014,P014_high_down_payment,job_loss_6m,13,emi_affordability_limit,1135656,1883515,4992273,8026898
P014,P014_high_down_payment,market_crash,,no_breach,,,,
P014,P014_high_down_payment,medical_emergency,18,below_emergency_reserve,976112,1959261,4952783,7982589
P014,P014_high_down_payment,rate_hike,,no_breach,,,,
P014,P014_high_down_payment,compound_shock,13,emi_affordability_limit,1149656,1224285,4992273,7381668
P014,P014_balanced_hybrid,baseline,,no_breach,,,,
P014,P014_balanced_hybrid,job_loss_6m,13,emi_affordability_limit,3385152,1883515,7493421,7775246
P014,P014_balanced_hybrid,market_crash,,no_breach,,,,
P014,P014_balanced_hybrid,medical_emergency,,no_breach,,,,
P014,P014_balanced_hybrid,rate_hike,,no_breach,,,,
P014,P014_balanced_hybrid,compound_shock,13,emi_affordability_limit,3399152,1224285,7493421,7130016
P014,P014_delay_build,baseline,,no_breach,,,,
P014,P014_delay_build,job_loss_6m,13,emi_affordability_limit,5963264,1883515,6500000,1346779
P014,P014_delay_build,market_crash,,no_breach,,,,
P014,P014_delay_build,medical_emergency,,no_breach,,,,
P014,P014_delay_build,rate_hike,,no_breach,,,,
P014,P014_delay_build,compound_shock,13,emi_affordability_limit,5977264,1224285,6500000,701549
P015,P015_full_cash,baseline,19,below_emergency_reserve,120000,85951,0,10205951
P015,P015_full_cash,job_loss_6m,19,below_emergency_reserve,120000,0,0,10120000
P015,P015_full_cash,market_crash,19,below_emergency_reserve,120000,0,0,10120000
P015,P015_full_cash,medical_emergency,19,below_emergency_reserve,120000,0,0,10120000
P015,P015_full_cash,rate_hike,19,below_emergency_reserve,120000,85951,0,10205951
P015,P015_full_cash,compound_shock,19,insufficient_funds,-125000,0,0,9875000
P015,P015_high_down_payment,baseline,19,below_emergency_reserve,75883,4323898,4992273,9407508
P015,P015_high_down_payment,job_loss_6m,13,emi_affordability_limit,3923088,4542595,5000000,3465683
P015,P015_high_down_payment,market_crash,19,below_emergency_reserve,75883,2895093,4992273,7978703
P015,P015_high_down_payment,medical_emergency,19,below_emergency_reserve,75883,3467169,4992273,8550779
P015,P015_high_down_payment,rate_hike,19,below_emergency_reserve,69299,4297386,4994030,9372655
P015,P015_high_down_payment,compound_shock,13,emi_affordability_limit,3940588,2952687,5000000,1893275
P015,P015_balanced_hybrid,baseline,19,below_emergency_reserve,1774428,4762684,7493421,9043691
P015,P015_balanced_hybrid,job_loss_6m,13,emi_affordability_limit,3672597,4542595,7500000,715191
P015,P015_balanced_hybrid,market_crash,19,below_emergency_reserve,1774428,3333879,7493421,7614885
P015,P015_balanced_hybrid,medical_emergency,19,below_emergency_reserve,924428,4762684,7493421,8193691
P015,P015_balanced_hybrid,rate_hike,19,below_emergency_reserve,1721432,4762684,7495324,8988792
P015,P015_balanced_hybrid,compound_shock,13,emi_affordability_limit,3690097,2952687,7500000,-857217
P015,P015_delay_build,baseline,25,below_emergency_reserve,1264059,4993436,6489955,9767541
P015,P015_delay_build,job_loss_6m,13,emi_affordability_limit,3750764,4542595,6500000,1793359
P015,P015_delay_build,market_crash,25,below_emergency_reserve,1264059,3495405,6489955,8269510
P015,P015_delay_build,medical_emergency,25,below_emergency_reserve,414059,4993436,6489955,8917541
P015,P015_delay_build,rate_hike,25,below_emergency_reserve,1170013,4993436,6492239,9671210
P015,P015_delay_build,compound_shock,13,emi_affordability_limit,3768264,2952687,6500000,220951
P016,P016_full_cash,baseline,19,below_emergency_reserve,233000,10291179,0,20524179
P016,P016_full_cash,job_loss_6m,19,below_emergency_reserve,233000,8254366,0,18487366
P016,P016_full_cash,market_crash,19,below_emergency_reserve,233000,7141665,0,17374665
P016,P016_full_cash,medical_emergency,19,below_emergency_reserve,233000,9436221,0,19669221
P016,P016_full_cash,rate_hike,19,below_emergency_reserve,233000,10291179,0,20524179
P016,P016_full_cash,compound_shock,19,below_emergency_reserve,0,3979929,0,13979929
P016,P016_high_down_payment,baseline,,no_breach,,,,
P016,P016_high_down_payment,job_loss_6m,13,emi_affordability_limit,7717088,10138324,5000000,12855412
P016,P016_high_down_payment,market_crash,,no_breach,,,,
P016,P016_high_down_payment,medical_emergency,,no_breach,,,,
P016,P016_high_down_payment,rate_hike,,no_breach,,,,
P016,P016_high_down_payment,compound_shock,13,emi_affordability_limit,7739588,6589911,5000000,9329499
P016,P016_balanced_hybrid,baseline,,no_breach,,,,
P016,P016_balanced_hybrid,job_loss_6m,13,emi_affordability_limit,7466597,10138324,7500000,10104921
P016,P016_balanced_hybrid,market_crash,,no_breach,,,,
P016,P016_balanced_hybrid,medical_emergency,,no_breach,,,,
P016,P016_balanced_hybrid,rate_hike,,no_breach,,,,
P016,P016_balanced_hybrid,compound_shock,13,emi_affordability_limit,7489097,6589911,7500000,6579007
P016,P016_delay_build,baseline,,no_breach,,,,
P016,P016_delay_build,job_loss_6m,13,emi_affordability_limit,7544764,10138324,6500000,11183088
P016,P016_delay_build,market_crash,,no_breach,,,,
P016,P016_delay_build,medical_emergency,,no_breach,,,,
P016,P016_delay_build,rate_hike,,no_breach,,,,
P016,P016_delay_build,compound_shock,13,emi_affordability_limit,7567264,6589911,6500000,7657175
P017,P017_full_cash,baseline,1,below_emergency_reserve,70000,3419833,0,13489833
P017,P017_full_cash,job_loss_6m,1,below_emergency_reserve,70000,3419833,0,13489833
P017,P017_full_cash,market_crash,1,below_emergency_reserve,70000,3419833,0,13489833
P017,P017_full_cash,medical_emergency,1,below_emergency_reserve,70000,3419833,0,13489833
P017,P017_full_cash,rate_hike,1,below_emergency_reserve,70000,3419833,0,13489833
P017,P017_full_cash,compound_shock,1,below_emergency_reserve,70000,3419833,0,13489833
P017,P017_high_down_payment,baseline,,no_breach,,,,
P017,P017_high_down_payment,job_loss_6m,13,emi_affordability_limit,2912782,6147707,4895032,14165458
P017,P017_high_down_payment,market_crash,,no_breach,,,,
P017,P017_high_down_payment,medical_emergency,,no_breach,,,,
P017,P017_high_down_payment,rate_hike,,no_breach,,,,
P017,P017_high_down_payment,compound_shock,13,emi_affordability_limit,2921282,3996010,4895032,12022260
P017,P017_balanced_hybrid,baseline,1,emi_affordability_limit,5206602,5733250,7493421,13446431
P017,P017_balanced_hybrid,job_loss_6m,1,emi_affordability_limit,5206602,5733250,7493421,13446431
P017,P017_balanced_hybrid,market_crash,1,emi_affordability_limit,5206602,5733250,7493421,13446431
P017,P017_balanced_hybrid,medical_emergency,1,emi_affordability_limit,5206602,5733250,7493421,13446431
P017,P017_balanced_hybrid,rate_hike,1,emi_affordability_limit,5206602,5733250,7493421,13446431
P017,P017_balanced_hybrid,compound_shock,1,emi_affordability_limit,5206602,5733250,7493421,13446431
P017,P017_delay_build,baseline,1,emi_affordability_limit,7712559,5733250,6500000,6945809
P017,P017_delay_build,job_loss_6m,1,emi_affordability_limit,7712559,5733250,6500000,6945809
P017,P017_delay_build,market_crash,1,emi_affordability_limit,7712559,5733250,6500000,6945809
P017,P017_delay_build,medical_emergency,1,emi_affordability_limit,7712559,5733250,6500000,6945809
P017,P017_delay_build,rate_hike,1,emi_affordability_limit,7712559,5733250,6500000,6945809
P017,P017_delay_build,compound_shock,1,emi_affordability_limit,7712559,5733250,6500000,6945809
P018,P018_full_cash,baseline,19,below_emergency_reserve,195000,9152704,0,19347704
P018,P018_full_cash,job_loss_6m,19,below_emergency_reserve,195000,7383810,0,17578810
P018,P018_full_cash,market_crash,19,below_emergency_reserve,195000,5563266,0,15758266
P018,P018_full_cash,medical_emergency,19,below_emergency_reserve,195000,8295975,0,18490975
P018,P018_full_cash,rate_hike,19,below_emergency_reserve,195000,9152704,0,19347704
P018,P018_full_cash,compound_shock,19,below_emergency_reserve,0,2580914,0,12580914
P018,P018_high_down_payment,baseline,19,below_emergency_reserve,1565543,11964791,4992273,18538062
P018,P018_high_down_payment,job_loss_6m,13,emi_affordability_limit,5368088,11411885,5000000,11779973
P018,P018_high_down_payment,market_crash,19,below_emergency_reserve,1565543,8375354,4992273,14948624
P018,P018_high_down_payment,medical_emergency,19,below_emergency_reserve,715543,11964791,4992273,17688062
P018,P018_high_down_payment,rate_hike,19,below_emergency_reserve,1532656,11964791,4994030,18503417
P018,P018_high_down_payment,compound_shock,15,emi_affordability_limit,5138320,7535637,5000000,7673958
P018,P018_balanced_hybrid,baseline,,no_breach,,,,
P018,P018_balanced_hybrid,job_loss_6m,13,emi_affordability_limit,5117597,11411885,7500000,9029481
P018,P018_balanced_hybrid,market_crash,,no_breach,,,,
P018,P018_balanced_hybrid,medical_emergency,,no_breach,,,,
P018,P018_balanced_hybrid,rate_hike,,no_breach,,,,
P018,P018_balanced_hybrid,compound_shock,13,emi_affordability_limit,5137097,7417725,7500000,5054822
P018,P018_delay_build,baseline,,no_breach,,,,
P018,P018_delay_build,job_loss_6m,13,emi_affordability_limit,5195764,11411885,6500000,10107649
P018,P018_delay_build,market_crash,,no_breach,,,,
P018,P018_delay_build,medical_emergency,,no_breach,,,,
P018,P018_delay_build,rate_hike,,no_breach,,,,
P018,P018_delay_build,compound_shock,13,emi_affordability_limit,5215264,7417725,6500000,6132989
P019,P019_full_cash,baseline,13,below_emergency_reserve,265000,5486548,0,15751548
P019,P019_full_cash,job_loss_6m,13,below_emergency_reserve,0,5316548,0,15316548
P019,P019_full_cash,market_crash,13,below_emergency_reserve,265000,2594799,0,12859799
P019,P019_full_cash,medical_emergency,13,below_emergency_reserve,265000,5486548,0,15751548
P019,P019_full_cash,rate_hike,13,below_emergency_reserve,265000,5486548,0,15751548
P019,P019_full_cash,compound_shock,13,below_emergency_reserve,0,1971840,0,11971840
P019,P019_high_down_payment,baseline,13,below_emergency_reserve,570656,9639165,4992273,15217548
P019,P019_high_down_payment,job_loss_6m,13,below_emergency_reserve,135656,9639165,4992273,14782548
P019,P019_high_down_payment,market_crash,13,below_emergency_reserve,570656,6747415,4992273,12325799
P019,P019_high_down_payment,medical_emergency,13,below_emergency_reserve,570656,9639165,4992273,15217548
P019,P019_high_down_payment,rate_hike,13,below_emergency_reserve,570656,9639165,4992273,15217548
P019,P019_high_down_payment,compound_shock,13,below_emergency_reserve,164656,6265457,4992273,11437841
P019,P019_balanced_hybrid,baseline,13,below_emergency_reserve,2820152,9639165,7493421,14965896
P019,P019_balanced_hybrid,job_loss_6m,13,below_emergency_reserve,2385152,9639165,7493421,14530896
P019,P019_balanced_hybrid,market_crash,13,below_emergency_reserve,2820152,6747415,7493421,12074147
P019,P019_balanced_hybrid,medical_emergency,13,below_emergency_reserve,2820152,9639165,7493421,14965896
P019,P019_balanced_hybrid,rate_hike,13,below_emergency_reserve,2820152,9639165,7493421,14965896
P019,P019_balanced_hybrid,compound_shock,13,below_emergency_reserve,2414152,6265457,7493421,11186188
P019,P019_delay_build,baseline,,no_breach,,,,
P019,P019_delay_build,job_loss_6m,13,emi_affordability_limit,4963264,9639165,6500000,8102429
P019,P019_delay_build,market_crash,,no_breach,,,,
P019,P019_delay_build,medical_emergency,,no_breach,,,,
P019,P019_delay_build,rate_hike,,no_breach,,,,
P019,P019_delay_build,compound_shock,25,below_emergency_reserve,421030,6887289,6491714,10816604
P020,P020_full_cash,baseline,25,below_emergency_reserve,217000,10486723,0,20703723
P020,P020_full_cash,job_loss_6m,25,below_emergency_reserve,217000,8676223,0,18893223
P020,P020_full_cash,market_crash,25,below_emergency_reserve,217000,6739620,0,16956620
P020,P020_full_cash,medical_emergency,25,below_emergency_reserve,217000,9631764,0,19848764
P020,P020_full_cash,rate_hike,25,below_emergency_reserve,217000,10486723,0,20703723
P020,P020_full_cash,compound_shock,25,below_emergency_reserve,217000,3208244,0,13425244
P020,P020_high_down_payment,baseline,,no_breach,,,,
P020,P020_high_down_payment,job_loss_6m,13,emi_affordability_limit,4746588,11648287,5000000,11394875
P020,P020_high_down_payment,market_crash,,no_breach,,,,
P020,P020_high_down_payment,medical_emergency,25,below_emergency_reserve,1270430,12490343,4992273,18768500
P020,P020_high_down_payment,rate_hike,,no_breach,,,,
P020,P020_high_down_payment,compound_shock,13,emi_affordability_limit,4766588,7571387,5000000,7337975
P020,P020_balanced_hybrid,baseline,,no_breach,,,,
P020,P020_balanced_hybrid,job_loss_6m,13,emi_affordability_limit,4496097,11648287,7500000,8644384
P020,P020_balanced_hybrid,market_crash,,no_breach,,,,
P020,P020_balanced_hybrid,medical_emergency,,no_breach,,,,
P020,P020_balanced_hybrid,rate_hike,,no_breach,,,,
P020,P020_balanced_hybrid,compound_shock,13,emi_affordability_limit,4516097,7571387,7500000,4587483
P020,P020_delay_build,baseline,,no_breach,,,,
P020,P020_delay_build,job_loss_6m,13,emi_affordability_limit,4574264,11648287,6500000,9722552
P020,P020_delay_build,market_crash,,no_breach,,,,
P020,P020_delay_build,medical_emergency,,no_breach,,,,
P020,P020_delay_build,rate_hike,,no_breach,,,,
P020,P020_delay_build,compound_shock,13,emi_affordability_limit,4594264,7571387,6500000,5665651
P021,P021_full_cash,baseline,,no_breach,,,,
P021,P021_full_cash,job_loss_6m,25,below_emergency_reserve,525000,1503467,0,12028467
P021,P021_full_cash,market_crash,,no_breach,,,,
P021,P021_full_cash,medical_emergency,25,below_emergency_reserve,1250000,1503467,0,12753467
P021,P021_full_cash,rate_hike,,no_breach,,,,
P021,P021_full_cash,compound_shock,25,below_emergency_reserve,200000,263112,0,10463112
P021,P021_high_down_payment,baseline,,no_breach,,,,
P021,P021_high_down_payment,job_loss_6m,13,emi_affordability_limit,8863088,1402109,5000000,5265197
P021,P021_high_down_payment,market_crash,,no_breach,,,,
P021,P021_high_down_payment,medical_emergency,,no_breach,,,,
P021,P021_high_down_payment,rate_hike,,no_breach,,,,
P021,P021_high_down_payment,compound_shock,13,emi_affordability_limit,8880588,911371,5000000,4791959
P021,P021_balanced_hybrid,baseline,,no_breach,,,,
P021,P021_balanced_hybrid,job_loss_6m,13,emi_affordability_limit,8612597,1402109,7500000,2514705
P021,P021_balanced_hybrid,market_crash,,no_breach,,,,
P021,P021_balanced_hybrid,medical_emergency,,no_breach,,,,
P021,P021_balanced_hybrid,rate_hike,,no_breach,,,,
P021,P021_balanced_hybrid,compound_shock,13,emi_affordability_limit,8630097,911371,7500000,2041467
P021,P021_delay_build,baseline,,no_breach,,,,
P021,P021_delay_build,job_loss_6m,13,emi_affordability_limit,8690764,1402109,6500000,3592873
P021,P021_delay_build,market_crash,,no_breach,,,,
P021,P021_delay_build,medical_emergency,,no_breach,,,,
P021,P021_delay_build,rate_hike,,no_breach,,,,
P021,P021_delay_build,compound_shock,13,emi_affordability_limit,8708264,911371,6500000,3119635
P022,P022_full_cash,baseline,25,below_emergency_reserve,93000,0,0,10093000
P022,P022_full_cash,job_loss_6m,25,below_emergency_reserve,93000,0,0,10093000
P022,P022_full_cash,market_crash,25,below_emergency_reserve,93000,0,0,10093000
P022,P022_full_cash,medical_emergency,25,below_emergency_reserve,93000,0,0,10093000
P022,P022_full_cash,rate_hike,25,below_emergency_reserve,93000,0,0,10093000
P022,P022_full_cash,compound_shock,18,below_emergency_reserve,1822000,1273519,0,3095519
P022,P022_high_down_payment,baseline,25,below_emergency_reserve,48883,328313,4992273,5384923
P022,P022_high_down_payment,job_loss_6m,13,emi_affordability_limit,2502088,1883515,5000000,-614397
P022,P022_high_down_payment,market_crash,25,below_emergency_reserve,48883,0,4992273,5056610
P022,P022_high_down_payment,medical_emergency,25,below_emergency_reserve,48883,0,4992273,5056610
P022,P022_high_down_payment,rate_hike,25,below_emergency_reserve,42299,262033,4994030,5310302
P022,P022_high_down_payment,compound_shock,13,emi_affordability_limit,2517588,1224285,5000000,-1258127
P022,P022_balanced_hybrid,baseline,25,below_emergency_reserve,338703,2070449,7493421,4915731
P022,P022_balanced_hybrid,job_loss_6m,13,emi_affordability_limit,2251597,1883515,7500000,-3364889
P022,P022_balanced_hybrid,market_crash,25,below_emergency_reserve,338703,1449314,7493421,4294596
P022,P022_balanced_hybrid,medical_emergency,18,below_emergency_reserve,1781826,1959261,7500000,-3758913
P022,P022_balanced_hybrid,rate_hike,25,below_emergency_reserve,222124,2070449,7495324,4797250
P022,P022_balanced_hybrid,compound_shock,13,emi_affordability_limit,2267097,1224285,7500000,-4008619
P022,P022_delay_build,baseline,25,below_emergency_reserve,35648,1519533,6489955,5065226
P022,P022_delay_build,job_loss_6m,13,emi_affordability_limit,2329764,1883515,6500000,-2286721
P022,P022_delay_build,market_crash,25,below_emergency_reserve,35648,898399,6489955,4444092
P022,P022_delay_build,medical_emergency,25,below_emergency_reserve,35648,662804,6489955,4208497
P022,P022_delay_build,rate_hike,25,below_emergency_reserve,27089,1433370,6492239,4968219
P022,P022_delay_build,compound_shock,13,emi_affordability_limit,2345264,1224285,6500000,-2930451
P023,P023_full_cash,baseline,1,below_emergency_reserve,145000,0,0,10145000
P023,P023_full_cash,job_loss_6m,1,below_emergency_reserve,145000,0,0,10145000
P023,P023_full_cash,market_crash,1,below_emergency_reserve,145000,0,0,10145000
P023,P023_full_cash,medical_emergency,1,below_emergency_reserve,145000,0,0,10145000
P023,P023_full_cash,rate_hike,1,below_emergency_reserve,145000,0,0,10145000
P023,P023_full_cash,compound_shock,1,below_emergency_reserve,145000,0,0,10145000
P023,P023_high_down_payment,baseline,1,below_emergency_reserve,100883,0,4992273,5108610
P023,P023_high_down_payment,job_loss_6m,1,below_emergency_reserve,100883,0,4992273,5108610
P023,P023_high_down_payment,market_crash,1,below_emergency_reserve,100883,0,4992273,5108610
P023,P023_high_down_payment,medical_emergency,1,below_emergency_reserve,100883,0,4992273,5108610
P023,P023_high_down_payment,rate_hike,1,below_emergency_reserve,100883,0,4992273,5108610
P023,P023_high_down_payment,compound_shock,1,below_emergency_reserve,100883,0,4992273,5108610
P023,P023_balanced_hybrid,baseline,1,below_emergency_reserve,81602,2112250,7493421,4700431
P023,P023_balanced_hybrid,job_loss_6m,1,below_emergency_reserve,81602,2112250,7493421,4700431
P023,P023_balanced_hybrid,market_crash,1,below_emergency_reserve,81602,2112250,7493421,4700431
P023,P023_balanced_hybrid,medical_emergency,1,below_emergency_reserve,81602,2112250,7493421,4700431
P023,P023_balanced_hybrid,rate_hike,1,below_emergency_reserve,81602,2112250,7493421,4700431
P023,P023_balanced_hybrid,compound_shock,1,below_emergency_reserve,81602,2112250,7493421,4700431
P023,P023_delay_build,baseline,1,below_emergency_reserve,1287559,3419833,6500000,-1792608
P023,P023_delay_build,job_loss_6m,1,below_emergency_reserve,1287559,3419833,6500000,-1792608
P023,P023_delay_build,market_crash,1,below_emergency_reserve,1287559,3419833,6500000,-1792608
P023,P023_delay_build,medical_emergency,1,below_emergency_reserve,1287559,3419833,6500000,-1792608
P023,P023_delay_build,rate_hike,1,below_emergency_reserve,1287559,3419833,6500000,-1792608
P023,P023_delay_build,compound_shock,1,below_emergency_reserve,1287559,3419833,6500000,-1792608
P024,P024_full_cash,baseline,1,below_emergency_reserve,270000,2721375,0,12991375
P024,P024_full_cash,job_loss_6m,1,below_emergency_reserve,270000,2721375,0,12991375
P024,P024_full_cash,market_crash,1,below_emergency_reserve,270000,2721375,0,12991375
P024,P024_full_cash,medical_emergency,1,below_emergency_reserve,270000,2721375,0,12991375
P024,P024_full_cash,rate_hike,1,below_emergency_reserve,270000,2721375,0,12991375
P024,P024_full_cash,compound_shock,1,below_emergency_reserve,270000,2721375,0,12991375
P024,P024_high_down_payment,baseline,1,below_emergency_reserve,1225883,6753042,4992273,12986652
P024,P024_high_down_payment,job_loss_6m,1,below_emergency_reserve,1225883,6753042,4992273,12986652
P024,P024_high_down_payment,market_crash,1,below_emergency_reserve,1225883,6753042,4992273,12986652
P024,P024_high_down_payment,medical_emergency,1,below_emergency_reserve,1225883,6753042,4992273,12986652
P024,P024_high_down_payment,rate_hike,1,below_emergency_reserve,1225883,6753042,4992273,12986652
P024,P024_high_down_payment,compound_shock,1,below_emergency_reserve,1225883,6753042,4992273,12986652
P024,P024_balanced_hybrid,baseline,,no_breach,,,,
P024,P024_balanced_hybrid,job_loss_6m,13,emi_affordability_limit,5821426,7423265,7410470,15834221
P024,P024_balanced_hybrid,market_crash,,no_breach,,,,
P024,P024_balanced_hybrid,medical_emergency,,no_breach,,,,
P024,P024_balanced_hybrid,rate_hike,,no_breach,,,,
P024,P024_balanced_hybrid,compound_shock,13,emi_affordability_limit,5845926,4825122,7410470,13260579
P024,P024_delay_build,baseline,,no_breach,,,,
P024,P024_delay_build,job_loss_6m,13,emi_affordability_limit,8395764,7423265,6500000,9319029
P024,P024_delay_build,market_crash,,no_breach,,,,
P024,P024_delay_build,medical_emergency,,no_breach,,,,
P024,P024_delay_build,rate_hike,,no_breach,,,,
P024,P024_delay_build,compound_shock,13,emi_affordability_limit,8420264,4825122,6500000,6745387
P025,P025_full_cash,baseline,19,below_emergency_reserve,132000,4632435,0,14764435
P025,P025_full_cash,job_loss_6m,19,below_emergency_reserve,132000,3044966,0,13176966
P025,P025_full_cash,market_crash,19,below_emergency_reserve,132000,1844523,0,11976523
P025,P025_full_cash,medical_emergency,19,below_emergency_reserve,132000,3775706,0,13907706
P025,P025_full_cash,rate_hike,19,below_emergency_reserve,132000,4632435,0,14764435
P025,P025_full_cash,compound_shock,19,insufficient_funds,-113000,0,0,9887000
P025,P025_high_down_payment,baseline,19,below_emergency_reserve,87883,8870382,4992273,13965992
P025,P025_high_down_payment,job_loss_6m,13,emi_affordability_limit,3879088,8863600,5000000,7742688
P025,P025_high_down_payment,market_crash,19,below_emergency_reserve,87883,6082470,4992273,11178080
P025,P025_high_down_payment,medical_emergency,19,below_emergency_reserve,87883,8013653,4992273,13109263
P025,P025_high_down_payment,rate_hike,19,below_emergency_reserve,81299,8843871,4994030,13931140
P025,P025_high_down_payment,compound_shock,13,emi_affordability_limit,3896588,5761340,5000000,4657928
P025,P025_balanced_hybrid,baseline,19,below_emergency_reserve,1802428,9293042,7493421,13602049
P025,P025_balanced_hybrid,job_loss_6m,13,emi_affordability_limit,3628597,8863600,7500000,4992196
P025,P025_balanced_hybrid,market_crash,19,below_emergency_reserve,1802428,6505129,7493421,10814136
P025,P025_balanced_hybrid,medical_emergency,19,below_emergency_reserve,952428,9293042,7493421,12752049
P025,P025_balanced_hybrid,rate_hike,19,below_emergency_reserve,1749432,9293042,7495324,13547150
P025,P025_balanced_hybrid,compound_shock,13,emi_affordability_limit,3646097,5761340,7500000,1907436
P025,P025_delay_build,baseline,25,below_emergency_reserve,1364059,9743291,6489955,14617395
P025,P025_delay_build,job_loss_6m,13,emi_affordability_limit,3706764,8863600,6500000,6070364
P025,P025_delay_build,market_crash,25,below_emergency_reserve,1364059,6820303,6489955,11694408
P025,P025_delay_build,medical_emergency,25,below_emergency_reserve,514059,9743291,6489955,13767395
P025,P025_delay_build,rate_hike,25,below_emergency_reserve,1270013,9743291,6492239,14521065
P025,P025_delay_build,compound_shock,13,emi_affordability_limit,3724264,5761340,6500000,2985604
P026,P026_full_cash,baseline,,no_breach,,,,
P026,P026_full_cash,job_loss_6m,19,below_emergency_reserve,1055000,7929628,0,18984628
P026,P026_full_cash,market_crash,,no_breach,,,,
P026,P026_full_cash,medical_emergency,19,below_emergency_reserve,2545000,7929628,0,20474628
P026,P026_full_cash,rate_hike,,no_breach,,,,
P026,P026_full_cash,compound_shock,19,below_emergency_reserve,197000,5154258,0,15351258
P026,P026_high_down_payment,baseline,,no_breach,,,,
P026,P026_high_down_payment,job_loss_6m,13,emi_affordability_limit,10600588,7657670,5000000,13258258
P026,P026_high_down_payment,market_crash,,no_breach,,,,
P026,P026_high_down_payment,medical_emergency,,no_breach,,,,
P026,P026_high_down_payment,rate_hike,,no_breach,,,,
P026,P026_high_down_payment,compound_shock,,no_breach,,,,
P026,P026_balanced_hybrid,baseline,,no_breach,,,,
P026,P026_balanced_hybrid,job_loss_6m,13,emi_affordability_limit,10350097,7657670,7500000,10507767
P026,P026_balanced_hybrid,market_crash,,no_breach,,,,
P026,P026_balanced_hybrid,medical_emergency,,no_breach,,,,
P026,P026_balanced_hybrid,rate_hike,,no_breach,,,,
P026,P026_balanced_hybrid,compound_shock,13,emi_affordability_limit,10376097,4977486,7500000,7853582
P026,P026_delay_build,baseline,,no_breach,,,,
P026,P026_delay_build,job_loss_6m,13,emi_affordability_limit,10428264,7657670,6500000,11585935
P026,P026_delay_build,market_crash,,no_breach,,,,
P026,P026_delay_build,medical_emergency,,no_breach,,,,
P026,P026_delay_build,rate_hike,,no_breach,,,,
P026,P026_delay_build,compound_shock,13,emi_affordability_limit,10454264,4977486,6500000,8931750
P027,P027_full_cash,baseline,1,below_emergency_reserve,900000,11064167,0,11964167
P027,P027_full_cash,job_loss_6m,1,below_emergency_reserve,900000,11064167,0,11964167
P027,P027_full_cash,market_crash,1,below_emergency_reserve,900000,11064167,0,11964167
P027,P027_full_cash,medical_emergency,1,below_emergency_reserve,900000,11064167,0,11964167
P027,P027_full_cash,rate_hike,1,below_emergency_reserve,900000,11064167,0,11964167
P027,P027_full_cash,compound_shock,1,below_emergency_reserve,900000,11064167,0,11964167
P027,P027_high_down_payment,baseline,1,below_emergency_reserve,855814,11064167,5000000,6919981
P027,P027_high_down_payment,job_loss_6m,1,below_emergency_reserve,855814,11064167,5000000,6919981
P027,P027_high_down_payment,market_crash,1,below_emergency_reserve,855814,11064167,5000000,6919981
P027,P027_high_down_payment,medical_emergency,1,below_emergency_reserve,855814,11064167,5000000,6919981
P027,P027_high_down_payment,rate_hike,1,below_emergency_reserve,855814,11064167,5000000,6919981
P027,P027_high_down_payment,compound_shock,1,below_emergency_reserve,855814,11064167,5000000,6919981
P027,P027_balanced_hybrid,baseline,1,below_emergency_reserve,836546,11064167,7500000,4400713
P027,P027_balanced_hybrid,job_loss_6m,1,below_emergency_reserve,836546,11064167,7500000,4400713
P027,P027_balanced_hybrid,market_crash,1,below_emergency_reserve,836546,11064167,7500000,4400713
P027,P027_balanced_hybrid,medical_emergency,1,below_emergency_reserve,836546,11064167,7500000,4400713
P027,P027_balanced_hybrid,rate_hike,1,below_emergency_reserve,836546,11064167,7500000,4400713
P027,P027_balanced_hybrid,compound_shock,1,below_emergency_reserve,836546,11064167,7500000,4400713
P027,P027_delay_build,baseline,1,below_emergency_reserve,842559,11064167,6500000,5406725
P027,P027_delay_build,job_loss_6m,1,below_emergency_reserve,842559,11064167,6500000,5406725
P027,P027_delay_build,market_crash,1,below_emergency_reserve,842559,11064167,6500000,5406725
P027,P027_delay_build,medical_emergency,1,below_emergency_reserve,842559,11064167,6500000,5406725
P027,P027_delay_build,rate_hike,1,below_emergency_reserve,842559,11064167,6500000,5406725
P027,P027_delay_build,compound_shock,1,below_emergency_reserve,842559,11064167,6500000,5406725
P028,P028_full_cash,baseline,13,below_emergency_reserve,110000,0,0,10110000
P028,P028_full_cash,job_loss_6m,13,insufficient_funds,-122500,0,0,9877500
P028,P028_full_cash,market_crash,13,below_emergency_reserve,110000,0,0,10110000
P028,P028_full_cash,medical_emergency,13,below_emergency_reserve,110000,0,0,10110000
P028,P028_full_cash,rate_hike,13,below_emergency_reserve,110000,0,0,10110000
P028,P028_full_cash,compound_shock,13,insufficient_funds,-107000,0,0,9893000
P028,P028_high_down_payment,baseline,13,below_emergency_reserve,65883,2868846,4992273,7942456
P028,P028_high_down_payment,job_loss_6m,13,below_emergency_reserve,0,2702229,4992273,7709956
P028,P028_high_down_payment,market_crash,13,below_emergency_reserve,65883,1339875,4992273,6413485
P028,P028_high_down_payment,medical_emergency,13,below_emergency_reserve,65883,2868846,4992273,7942456
P028,P028_high_down_payment,rate_hike,13,below_emergency_reserve,65883,2868846,4992273,7942456
P028,P028_high_down_payment,compound_shock,13,below_emergency_reserve,0,933929,4992273,5941656
P028,P028_balanced_hybrid,baseline,13,below_emergency_reserve,105152,5096570,7493421,7708301
P028,P028_balanced_hybrid,job_loss_6m,13,below_emergency_reserve,0,4969222,7493421,7475801
P028,P028_balanced_hybrid,market_crash,13,below_emergency_reserve,105152,3567599,7493421,6179330
P028,P028_balanced_hybrid,medical_emergency,13,below_emergency_reserve,105152,5096570,7493421,7708301
P028,P028_balanced_hybrid,rate_hike,13,below_emergency_reserve,105152,5096570,7493421,7708301
P028,P028_balanced_hybrid,compound_shock,13,below_emergency_reserve,0,3200923,7493421,5707502
P028,P028_delay_build,baseline,25,below_emergency_reserve,52648,5361915,6489955,8924607
P028,P028_delay_build,job_loss_6m,13,emi_affordability_limit,2450764,5096570,6500000,1047334
P028,P028_delay_build,market_crash,25,below_emergency_reserve,52648,3681197,6489955,7243890
P028,P028_delay_build,medical_emergency,25,below_emergency_reserve,52648,4505185,6489955,8067878
P028,P028_delay_build,rate_hike,25,below_emergency_reserve,44089,5275751,6492239,8827601
P028,P028_delay_build,compound_shock,13,emi_affordability_limit,2466264,3312770,6500000,-720965
P029,P029_full_cash,baseline,1,below_emergency_reserve,1950000,1511875,0,3461875
P029,P029_full_cash,job_loss_6m,1,below_emergency_reserve,1950000,1511875,0,3461875
P029,P029_full_cash,market_crash,1,below_emergency_reserve,1950000,1511875,0,3461875
P029,P029_full_cash,medical_emergency,1,below_emergency_reserve,1950000,1511875,0,3461875
P029,P029_full_cash,rate_hike,1,below_emergency_reserve,1950000,1511875,0,3461875
P029,P029_full_cash,compound_shock,1,below_emergency_reserve,1950000,1511875,0,3461875
P029,P029_high_down_payment,baseline,1,below_emergency_reserve,1905814,1511875,5000000,-1582311
P029,P029_high_down_payment,job_loss_6m,1,below_emergency_reserve,1905814,1511875,5000000,-1582311
P029,P029_high_down_payment,market_crash,1,below_emergency_reserve,1905814,1511875,5000000,-1582311
P029,P029_high_down_payment,medical_emergency,1,below_emergency_reserve,1905814,1511875,5000000,-1582311
P029,P029_high_down_payment,rate_hike,1,below_emergency_reserve,1905814,1511875,5000000,-1582311
P029,P029_high_down_payment,compound_shock,1,below_emergency_reserve,1905814,1511875,5000000,-1582311
P029,P029_balanced_hybrid,baseline,1,below_emergency_reserve,1886546,1511875,7500000,-4101579
P029,P029_balanced_hybrid,job_loss_6m,1,below_emergency_reserve,1886546,1511875,7500000,-4101579
P029,P029_balanced_hybrid,market_crash,1,below_emergency_reserve,1886546,1511875,7500000,-4101579
P029,P029_balanced_hybrid,medical_emergency,1,below_emergency_reserve,1886546,1511875,7500000,-4101579
P029,P029_balanced_hybrid,rate_hike,1,below_emergency_reserve,1886546,1511875,7500000,-4101579
P029,P029_balanced_hybrid,compound_shock,1,below_emergency_reserve,1886546,1511875,7500000,-4101579
P029,P029_delay_build,baseline,1,below_emergency_reserve,1892559,1511875,6500000,-3095566
P029,P029_delay_build,job_loss_6m,1,below_emergency_reserve,1892559,1511875,6500000,-3095566
P029,P029_delay_build,market_crash,1,below_emergency_reserve,1892559,1511875,6500000,-3095566
P029,P029_delay_build,medical_emergency,1,below_emergency_reserve,1892559,1511875,6500000,-3095566
P029,P029_delay_build,rate_hike,1,below_emergency_reserve,1892559,1511875,6500000,-3095566
P029,P029_delay_build,compound_shock,1,below_emergency_reserve,1892559,1511875,6500000,-3095566
P030,P030_full_cash,baseline,1,below_emergency_reserve,125000,6135583,0,16260583
P030,P030_full_cash,job_loss_6m,1,below_emergency_reserve,125000,6135583,0,16260583
P030,P030_full_cash,market_crash,1,below_emergency_reserve,125000,6135583,0,16260583
P030,P030_full_cash,medical_emergency,1,below_emergency_reserve,125000,6135583,0,16260583
P030,P030_full_cash,rate_hike,1,below_emergency_reserve,125000,6135583,0,16260583
P030,P030_full_cash,compound_shock,1,below_emergency_reserve,125000,6135583,0,16260583
P030,P030_high_down_payment,baseline,1,below_emergency_reserve,1480883,9756583,4992273,16245193
P030,P030_high_down_payment,job_loss_6m,1,below_emergency_reserve,1480883,9756583,4992273,16245193
P030,P030_high_down_payment,market_crash,1,below_emergency_reserve,1480883,9756583,4992273,16245193
P030,P030_high_down_payment,medical_emergency,1,below_emergency_reserve,1480883,9756583,4992273,16245193
P030,P030_high_down_payment,rate_hike,1,below_emergency_reserve,1480883,9756583,4992273,16245193
P030,P030_high_down_payment,compound_shock,1,below_emergency_reserve,1480883,9756583,4992273,16245193
P030,P030_balanced_hybrid,baseline,,no_breach,,,,
P030,P030_balanced_hybrid,job_loss_6m,13,emi_affordability_limit,4493926,10461888,7410470,17545344
P030,P030_balanced_hybrid,market_crash,,no_breach,,,,
P030,P030_balanced_hybrid,medical_emergency,,no_breach,,,,
P030,P030_balanced_hybrid,rate_hike,,no_breach,,,,
P030,P030_balanced_hybrid,compound_shock,13,emi_affordability_limit,4507926,6800227,7410470,13897684
P030,P030_delay_build,baseline,,no_breach,,,,
P030,P030_delay_build,job_loss_6m,13,emi_affordability_limit,7068264,10461888,6500000,11030152
P030,P030_delay_build,market_crash,,no_breach,,,,
P030,P030_delay_build,medical_emergency,,no_breach,,,,
P030,P030_delay_build,rate_hike,,no_breach,,,,
P030,P030_delay_build,compound_shock,13,emi_affordability_limit,7082264,6800227,6500000,7382491
P031,P031_full_cash,baseline,19,below_emergency_reserve,167000,3578613,0,13745613
P031,P031_full_cash,job_loss_6m,19,below_emergency_reserve,167000,1858638,0,12025638
P031,P031_full_cash,market_crash,19,below_emergency_reserve,167000,1903340,0,12070340
P031,P031_full_cash,medical_emergency,19,below_emergency_reserve,167000,2723655,0,12890655
P031,P031_full_cash,rate_hike,19,below_emergency_reserve,167000,3578613,0,13745613
P031,P031_full_cash,compound_shock,19,insufficient_funds,-99000,0,0,9901000
P031,P031_high_down_payment,baseline,19,below_emergency_reserve,2333543,5584245,4992273,12925515
P031,P031_high_down_payment,job_loss_6m,13,emi_affordability_limit,6311588,5392726,5000000,6704314
P031,P031_high_down_payment,market_crash,19,below_emergency_reserve,2333543,3908971,4992273,11250242
P031,P031_high_down_payment,medical_emergency,19,below_emergency_reserve,1483543,5584245,4992273,12075515
P031,P031_high_down_payment,rate_hike,19,below_emergency_reserve,2300656,5584245,4994030,12890871
P031,P031_high_down_payment,compound_shock,13,emi_affordability_limit,6330588,3505272,5000000,4835860
P031,P031_balanced_hybrid,baseline,,no_breach,,,,
P031,P031_balanced_hybrid,job_loss_6m,13,emi_affordability_limit,6061097,5392726,7500000,3953822
P031,P031_balanced_hybrid,market_crash,,no_breach,,,,
P031,P031_balanced_hybrid,medical_emergency,,no_breach,,,,
P031,P031_balanced_hybrid,rate_hike,,no_breach,,,,
P031,P031_balanced_hybrid,compound_shock,13,emi_affordability_limit,6080097,3505272,7500000,2085368
P031,P031_delay_build,baseline,,no_breach,,,,
P031,P031_delay_build,job_loss_6m,13,emi_affordability_limit,6139264,5392726,6500000,5031990
P031,P031_delay_build,market_crash,,no_breach,,,,
P031,P031_delay_build,medical_emergency,,no_breach,,,,
P031,P031_delay_build,rate_hike,,no_breach,,,,
P031,P031_delay_build,compound_shock,13,emi_affordability_limit,6158264,3505272,6500000,3163536
P032,P032_full_cash,baseline,13,below_emergency_reserve,167000,1329780,0,11496780
P032,P032_full_cash,job_loss_6m,13,below_emergency_reserve,0,1211780,0,11211780
P032,P032_full_cash,market_crash,13,below_emergency_reserve,167000,0,0,10167000
P032,P032_full_cash,medical_emergency,13,below_emergency_reserve,167000,1329780,0,11496780
P032,P032_full_cash,rate_hike,13,below_emergency_reserve,167000,1329780,0,11496780
P032,P032_full_cash,compound_shock,13,insufficient_funds,-99000,0,0,9901000
P032,P032_high_down_payment,baseline,13,below_emergency_reserve,122883,5834939,4992273,10965549
P032,P032_high_down_payment,job_loss_6m,13,below_emergency_reserve,0,5672822,4992273,10680549
P032,P032_high_down_payment,market_crash,13,below_emergency_reserve,122883,3774152,4992273,8904762
P032,P032_high_down_payment,medical_emergency,13,below_emergency_reserve,122883,5834939,4992273,10965549
P032,P032_high_down_payment,rate_hike,13,below_emergency_reserve,122883,5834939,4992273,10965549
P032,P032_high_down_payment,compound_shock,13,below_emergency_reserve,0,3287570,4992273,8295298
P032,P032_balanced_hybrid,baseline,13,below_emergency_reserve,1346152,6869290,7493421,10722021
P032,P032_balanced_hybrid,job_loss_6m,13,below_emergency_reserve,1061152,6869290,7493421,10437021
P032,P032_balanced_hybrid,market_crash,13,below_emergency_reserve,1346152,4808503,7493421,8661234
P032,P032_balanced_hybrid,medical_emergency,13,below_emergency_reserve,1346152,6869290,7493421,10722021
P032,P032_balanced_hybrid,rate_hike,13,below_emergency_reserve,1346152,6869290,7493421,10722021
P032,P032_balanced_hybrid,compound_shock,13,below_emergency_reserve,1080152,4465038,7493421,8051770
P032,P032_delay_build,baseline,25,below_emergency_reserve,1739059,7551050,6489955,12800154
P032,P032_delay_build,job_loss_6m,13,emi_affordability_limit,3639264,6869290,6500000,4008554
P032,P032_delay_build,market_crash,25,below_emergency_reserve,1739059,5285735,6489955,10534839
P032,P032_delay_build,medical_emergency,25,below_emergency_reserve,889059,7551050,6489955,11950154
P032,P032_delay_build,rate_hike,25,below_emergency_reserve,1645013,7551050,6492239,12703824
P032,P032_delay_build,compound_shock,13,emi_affordability_limit,3658264,4465038,6500000,1623303
P033,P033_full_cash,baseline,1,below_emergency_reserve,235000,8549583,0,18784583
P033,P033_full_cash,job_loss_6m,1,below_emergency_reserve,235000,8549583,0,18784583
P033,P033_full_cash,market_crash,1,below_emergency_reserve,235000,8549583,0,18784583
P033,P033_full_cash,medical_emergency,1,below_emergency_reserve,235000,8549583,0,18784583
P033,P033_full_cash,rate_hike,1,below_emergency_reserve,235000,8549583,0,18784583
P033,P033_full_cash,compound_shock,1,below_emergency_reserve,235000,8549583,0,18784583
P033,P033_high_down_payment,baseline,,no_breach,,,,
P033,P033_high_down_payment,job_loss_6m,13,emi_affordability_limit,4855282,11648287,4895032,21608538
P033,P033_high_down_payment,market_crash,,no_breach,,,,
P033,P033_high_down_payment,medical_emergency,,no_breach,,,,
P033,P033_high_down_payment,rate_hike,,no_breach,,,,
P033,P033_high_down_payment,compound_shock,13,emi_affordability_limit,4877282,7571387,4895032,17553637
P033,P033_balanced_hybrid,baseline,,no_breach,,,,
P033,P033_balanced_hybrid,job_loss_6m,13,emi_affordability_limit,7103926,11648287,7410470,21341744
P033,P033_balanced_hybrid,market_crash,,no_breach,,,,
P033,P033_balanced_hybrid,medical_emergency,,no_breach,,,,
P033,P033_balanced_hybrid,rate_hike,,no_breach,,,,
P033,P033_balanced_hybrid,compound_shock,13,emi_affordability_limit,7125926,7571387,7410470,17286843
P033,P033_delay_build,baseline,,no_breach,,,,
P033,P033_delay_build,job_loss_6m,13,emi_affordability_limit,9678264,11648287,6500000,14826552
P033,P033_delay_build,market_crash,,no_breach,,,,
P033,P033_delay_build,medical_emergency,,no_breach,,,,
P033,P033_delay_build,rate_hike,,no_breach,,,,
P033,P033_delay_build,compound_shock,13,emi_affordability_limit,9700264,7571387,6500000,10771651
P034,P034_full_cash,baseline,1,below_emergency_reserve,120000,3434000,0,13554000
P034,P034_full_cash,job_loss_6m,1,below_emergency_reserve,120000,3434000,0,13554000
P034,P034_full_cash,market_crash,1,below_emergency_reserve,120000,3434000,0,13554000
P034,P034_full_cash,medical_emergency,1,below_emergency_reserve,120000,3434000,0,13554000
P034,P034_full_cash,rate_hike,1,below_emergency_reserve,120000,3434000,0,13554000
P034,P034_full_cash,compound_shock,1,below_emergency_reserve,120000,3434000,0,13554000
P034,P034_high_down_payment,baseline,1,below_emergency_reserve,75883,8484000,4992273,13567610
P034,P034_high_down_payment,job_loss_6m,1,below_emergency_reserve,75883,8484000,4992273,13567610
P034,P034_high_down_payment,market_crash,1,below_emergency_reserve,75883,8484000,4992273,13567610
P034,P034_high_down_payment,medical_emergency,1,below_emergency_reserve,75883,8484000,4992273,13567610
P034,P034_high_down_payment,rate_hike,1,below_emergency_reserve,75883,8484000,4992273,13567610
P034,P034_high_down_payment,compound_shock,1,below_emergency_reserve,75883,8484000,4992273,13567610
P034,P034_balanced_hybrid,baseline,,no_breach,,,,
P034,P034_balanced_hybrid,job_loss_6m,13,emi_affordability_limit,2328926,10356649,7410470,15275106
P034,P034_balanced_hybrid,market_crash,,no_breach,,,,
P034,P034_balanced_hybrid,medical_emergency,,no_breach,,,,
P034,P034_balanced_hybrid,rate_hike,,no_breach,,,,
P034,P034_balanced_hybrid,compound_shock,13,emi_affordability_limit,2342926,6731822,7410470,11664278
P034,P034_delay_build,baseline,,no_breach,,,,
P034,P034_delay_build,job_loss_6m,13,emi_affordability_limit,4903264,10356649,6500000,8759913
P034,P034_delay_build,market_crash,,no_breach,,,,
P034,P034_delay_build,medical_emergency,,no_breach,,,,
P034,P034_delay_build,rate_hike,,no_breach,,,,
P034,P034_delay_build,compound_shock,13,emi_affordability_limit,4917264,6731822,6500000,5149086
P035,P035_full_cash,baseline,19,below_emergency_reserve,85000,9880160,0,19965160
P035,P035_full_cash,job_loss_6m,19,below_emergency_reserve,85000,8927678,0,19012678
P035,P035_full_cash,market_crash,19,below_emergency_reserve,85000,6743758,0,16828758
P035,P035_full_cash,medical_emergency,19,below_emergency_reserve,85000,9023430,0,19108430
P035,P035_full_cash,rate_hike,19,below_emergency_reserve,85000,9880160,0,19965160
P035,P035_full_cash,compound_shock,19,below_emergency_reserve,0,4614896,0,14614896
P035,P035_high_down_payment,baseline,,no_breach,,,,
P035,P035_high_down_payment,job_loss_6m,13,emi_affordability_limit,8273088,9971550,5000000,13244638
P035,P035_high_down_payment,market_crash,,no_breach,,,,
P035,P035_high_down_payment,medical_emergency,,no_breach,,,,
P035,P035_high_down_payment,rate_hike,,no_breach,,,,
P035,P035_high_down_payment,compound_shock,13,emi_affordability_limit,8283588,6481507,5000000,9765095
P035,P035_balanced_hybrid,baseline,,no_breach,,,,
P035,P035_balanced_hybrid,job_loss_6m,13,emi_affordability_limit,8022597,9971550,7500000,10494146
P035,P035_balanced_hybrid,market_crash,,no_breach,,,,
P035,P035_balanced_hybrid,medical_emergency,,no_breach,,,,
P035,P035_balanced_hybrid,rate_hike,,no_breach,,,,
P035,P035_balanced_hybrid,compound_shock,13,emi_affordability_limit,8033097,6481507,7500000,7014604
P035,P035_delay_build,baseline,,no_breach,,,,
P035,P035_delay_build,job_loss_6m,13,emi_affordability_limit,8100764,9971550,6500000,11572314
P035,P035_delay_build,market_crash,,no_breach,,,,
P035,P035_delay_build,medical_emergency,,no_breach,,,,
P035,P035_delay_build,rate_hike,,no_breach,,,,
P035,P035_delay_build,compound_shock,13,emi_affordability_limit,8111264,6481507,6500000,8092772
P036,P036_full_cash,baseline,7,below_emergency_reserve,155000,1852889,0,12007889
P036,P036_full_cash,job_loss_6m,7,below_emergency_reserve,155000,1852889,0,12007889
P036,P036_full_cash,market_crash,7,below_emergency_reserve,155000,1852889,0,12007889
P036,P036_full_cash,medical_emergency,7,below_emergency_reserve,155000,1852889,0,12007889
P036,P036_full_cash,rate_hike,7,below_emergency_reserve,155000,1852889,0,12007889
P036,P036_full_cash,compound_shock,7,below_emergency_reserve,155000,1852889,0,12007889
P036,P036_high_down_payment,baseline,,no_breach,,,,
P036,P036_high_down_payment,job_loss_6m,13,emi_affordability_limit,2647528,4764185,4944712,12467001
P036,P036_high_down_payment,market_crash,,no_breach,,,,
P036,P036_high_down_payment,medical_emergency,,no_breach,,,,
P036,P036_high_down_payment,rate_hike,,no_breach,,,,
P036,P036_high_down_payment,compound_shock,13,emi_affordability_limit,2660528,3096720,4944712,10812536
P036,P036_balanced_hybrid,baseline,,no_breach,,,,
P036,P036_balanced_hybrid,job_loss_6m,13,emi_affordability_limit,4896679,4764185,7452885,12207979
P036,P036_balanced_hybrid,market_crash,,no_breach,,,,
P036,P036_balanced_hybrid,medical_emergency,,no_breach,,,,
P036,P036_balanced_hybrid,rate_hike,,no_breach,,,,
P036,P036_balanced_hybrid,compound_shock,13,emi_affordability_limit,4909679,3096720,7452885,10553514
P036,P036_delay_build,baseline,,no_breach,,,,
P036,P036_delay_build,job_loss_6m,13,emi_affordability_limit,7473264,4764185,6500000,5737449
P036,P036_delay_build,market_crash,,no_breach,,,,
P036,P036_delay_build,medical_emergency,,no_breach,,,,
P036,P036_delay_build,rate_hike,,no_breach,,,,
P036,P036_delay_build,compound_shock,13,emi_affordability_limit,7486264,3096720,6500000,4082985
P037,P037_full_cash,baseline,7,below_emergency_reserve,240000,5258724,0,15498724
P037,P037_full_cash,job_loss_6m,7,below_emergency_reserve,240000,5258724,0,15498724
P037,P037_full_cash,market_crash,7,below_emergency_reserve,240000,5258724,0,15498724
P037,P037_full_cash,medical_emergency,7,below_emergency_reserve,240000,5258724,0,15498724
P037,P037_full_cash,rate_hike,7,below_emergency_reserve,240000,5258724,0,15498724
P037,P037_full_cash,compound_shock,7,below_emergency_reserve,240000,5258724,0,15498724
P037,P037_high_down_payment,baseline,,no_breach,,,,
P037,P037_high_down_payment,job_loss_6m,13,emi_affordability_limit,5547528,5716289,4944712,16319105
P037,P037_high_down_payment,market_crash,,no_breach,,,,
P037,P037_high_down_payment,medical_emergency,,no_breach,,,,
P037,P037_high_down_payment,rate_hike,,no_breach,,,,
P037,P037_high_down_payment,compound_shock,13,emi_affordability_limit,5567528,3715588,4944712,14338404
P037,P037_balanced_hybrid,baseline,,no_breach,,,,
P037,P037_balanced_hybrid,job_loss_6m,13,emi_affordability_limit,7796679,5716289,7452885,16060083
P037,P037_balanced_hybrid,market_crash,,no_breach,,,,
P037,P037_balanced_hybrid,medical_emergency,,no_breach,,,,
P037,P037_balanced_hybrid,rate_hike,,no_breach,,,,
P037,P037_balanced_hybrid,compound_shock,13,emi_affordability_limit,7816679,3715588,7452885,14079382
P037,P037_delay_build,baseline,,no_breach,,,,
P037,P037_delay_build,job_loss_6m,13,emi_affordability_limit,10373264,5716289,6500000,9589554
P037,P037_delay_build,market_crash,,no_breach,,,,
P037,P037_delay_build,medical_emergency,,no_breach,,,,
P037,P037_delay_build,rate_hike,,no_breach,,,,
P037,P037_delay_build,compound_shock,13,emi_affordability_limit,10393264,3715588,6500000,7608852
P038,P038_full_cash,baseline,19,below_emergency_reserve,95000,1081022,0,11176022
P038,P038_full_cash,job_loss_6m,13,emi_affordability_limit,4677500,5539750,0,10217250
P038,P038_full_cash,market_crash,19,below_emergency_reserve,95000,0,0,10095000
P038,P038_full_cash,medical_emergency,19,below_emergency_reserve,95000,224293,0,10319293
P038,P038_full_cash,rate_hike,19,below_emergency_reserve,95000,1081022,0,11176022
P038,P038_full_cash,compound_shock,13,emi_affordability_limit,4688000,3600837,0,8288837
P038,P038_high_down_payment,baseline,19,below_emergency_reserve,50883,5318969,4992273,10377579
P038,P038_high_down_payment,job_loss_6m,13,emi_affordability_limit,4103088,5539750,5000000,4642838
P038,P038_high_down_payment,market_crash,19,below_emergency_reserve,50883,3576524,4992273,8635134
P038,P038_high_down_payment,medical_emergency,19,below_emergency_reserve,50883,4462240,4992273,9520850
P038,P038_high_down_payment,rate_hike,19,below_emergency_reserve,44299,5292457,4994030,10342726
P038,P038_high_down_payment,compound_shock,13,emi_affordability_limit,4113588,3600837,5000000,2714425
P038,P038_balanced_hybrid,baseline,1,emi_affordability_limit,3631546,5039583,7500000,1171129
P038,P038_balanced_hybrid,job_loss_6m,1,emi_affordability_limit,3631546,5039583,7500000,1171129
P038,P038_balanced_hybrid,market_crash,1,emi_affordability_limit,3631546,5039583,7500000,1171129
P038,P038_balanced_hybrid,medical_emergency,1,emi_affordability_limit,3631546,5039583,7500000,1171129
P038,P038_balanced_hybrid,rate_hike,1,emi_affordability_limit,3631546,5039583,7500000,1171129
P038,P038_balanced_hybrid,compound_shock,1,emi_affordability_limit,3631546,5039583,7500000,1171129
P038,P038_delay_build,baseline,1,emi_affordability_limit,3637559,5039583,6500000,2177142
P038,P038_delay_build,job_loss_6m,1,emi_affordability_limit,3637559,5039583,6500000,2177142
P038,P038_delay_build,market_crash,1,emi_affordability_limit,3637559,5039583,6500000,2177142
P038,P038_delay_build,medical_emergency,1,emi_affordability_limit,3637559,5039583,6500000,2177142
P038,P038_delay_build,rate_hike,1,emi_affordability_limit,3637559,5039583,6500000,2177142
P038,P038_delay_build,compound_shock,1,emi_affordability_limit,3637559,5039583,6500000,2177142
P039,P039_full_cash,baseline,13,below_emergency_reserve,150000,5424405,0,15574405
P039,P039_full_cash,job_loss_6m,13,below_emergency_reserve,0,5371905,0,15371905
P039,P039_full_cash,market_crash,13,below_emergency_reserve,150000,1801408,0,11951408
P039,P039_full_cash,medical_emergency,13,below_emergency_reserve,150000,5424405,0,15574405
P039,P039_full_cash,rate_hike,13,below_emergency_reserve,150000,5424405,0,15574405
P039,P039_full_cash,compound_shock,13,below_emergency_reserve,0,1158575,0,11158575
P039,P039_high_down_payment,baseline,13,below_emergency_reserve,105883,9929564,4992273,15043174
P039,P039_high_down_payment,job_loss_6m,13,below_emergency_reserve,0,9832947,4992273,14840674
P039,P039_high_down_payment,market_crash,13,below_emergency_reserve,105883,6306567,4992273,11420177
P039,P039_high_down_payment,medical_emergency,13,below_emergency_reserve,105883,9929564,4992273,15043174
P039,P039_high_down_payment,rate_hike,13,below_emergency_reserve,105883,9929564,4992273,15043174
P039,P039_high_down_payment,compound_shock,13,below_emergency_reserve,0,5619618,4992273,10627345
P039,P039_balanced_hybrid,baseline,13,below_emergency_reserve,225152,12076655,7493421,14808386
P039,P039_balanced_hybrid,job_loss_6m,13,below_emergency_reserve,22652,12076655,7493421,14605886
P039,P039_balanced_hybrid,market_crash,13,below_emergency_reserve,225152,8453658,7493421,11185390
P039,P039_balanced_hybrid,medical_emergency,13,below_emergency_reserve,225152,12076655,7493421,14808386
P039,P039_balanced_hybrid,rate_hike,13,below_emergency_reserve,225152,12076655,7493421,14808386
P039,P039_balanced_hybrid,compound_shock,13,below_emergency_reserve,36152,7849825,7493421,10392557
P039,P039_delay_build,baseline,25,below_emergency_reserve,414059,13275233,6489955,17199338
P039,P039_delay_build,job_loss_6m,13,emi_affordability_limit,2600764,12076655,6500000,8177419
P039,P039_delay_build,market_crash,25,below_emergency_reserve,414059,9292663,6489955,13216768
P039,P039_delay_build,medical_emergency,25,below_emergency_reserve,92648,12742460,6489955,16345153
P039,P039_delay_build,rate_hike,25,below_emergency_reserve,320013,13275233,6492239,17103007
P039,P039_delay_build,compound_shock,13,emi_affordability_limit,2614264,7849825,6500000,3964090
P040,P040_full_cash,baseline,1,below_emergency_reserve,948000,3124542,0,4072542
P040,P040_full_cash,job_loss_6m,1,below_emergency_reserve,948000,3124542,0,4072542
P040,P040_full_cash,market_crash,1,below_emergency_reserve,948000,3124542,0,4072542
P040,P040_full_cash,medical_emergency,1,below_emergency_reserve,948000,3124542,0,4072542
P040,P040_full_cash,rate_hike,1,below_emergency_reserve,948000,3124542,0,4072542
P040,P040_full_cash,compound_shock,1,below_emergency_reserve,948000,3124542,0,4072542
P040,P040_high_down_payment,baseline,1,below_emergency_reserve,903814,3124542,5000000,-971644
P040,P040_high_down_payment,job_loss_6m,1,below_emergency_reserve,903814,3124542,5000000,-971644
P040,P040_high_down_payment,market_crash,1,below_emergency_reserve,903814,3124542,5000000,-971644
P040,P040_high_down_payment,medical_emergency,1,below_emergency_reserve,903814,3124542,5000000,-971644
P040,P040_high_down_payment,rate_hike,1,below_emergency_reserve,903814,3124542,5000000,-971644
P040,P040_high_down_payment,compound_shock,1,below_emergency_reserve,903814,3124542,5000000,-971644
P040,P040_balanced_hybrid,baseline,1,below_emergency_reserve,884546,3124542,7500000,-3490912
P040,P040_balanced_hybrid,job_loss_6m,1,below_emergency_reserve,884546,3124542,7500000,-3490912
P040,P040_balanced_hybrid,market_crash,1,below_emergency_reserve,884546,3124542,7500000,-3490912
P040,P040_balanced_hybrid,medical_emergency,1,below_emergency_reserve,884546,3124542,7500000,-3490912
P040,P040_balanced_hybrid,rate_hike,1,below_emergency_reserve,884546,3124542,7500000,-3490912
P040,P040_balanced_hybrid,compound_shock,1,below_emergency_reserve,884546,3124542,7500000,-3490912
P040,P040_delay_build,baseline,1,below_emergency_reserve,890559,3124542,6500000,-2484900
P040,P040_delay_build,job_loss_6m,1,below_emergency_reserve,890559,3124542,6500000,-2484900
P040,P040_delay_build,market_crash,1,below_emergency_reserve,890559,3124542,6500000,-2484900
P040,P040_delay_build,medical_emergency,1,below_emergency_reserve,890559,3124542,6500000,-2484900
P040,P040_delay_build,rate_hike,1,below_emergency_reserve,890559,3124542,6500000,-2484900
P040,P040_delay_build,compound_shock,1,below_emergency_reserve,890559,3124542,6500000,-2484900
P041,P041_full_cash,baseline,,no_breach,,,,
P041,P041_full_cash,job_loss_6m,25,below_emergency_reserve,750000,11935531,0,22685531
P041,P041_full_cash,market_crash,,no_breach,,,,
P041,P041_full_cash,medical_emergency,25,below_emergency_reserve,1025000,11935531,0,22960531
P041,P041_full_cash,rate_hike,,no_breach,,,,
P041,P041_full_cash,compound_shock,25,below_emergency_reserve,135000,7445641,0,17580641
P041,P041_high_down_payment,baseline,,no_breach,,,,
P041,P041_high_down_payment,job_loss_6m,13,emi_affordability_limit,9493088,10857910,5000000,15350998
P041,P041_high_down_payment,market_crash,,no_breach,,,,
P041,P041_high_down_payment,medical_emergency,,no_breach,,,,
P041,P041_high_down_payment,rate_hike,,no_breach,,,,
P041,P041_high_down_payment,compound_shock,13,emi_affordability_limit,9505588,7057641,5000000,11563229
P041,P041_balanced_hybrid,baseline,,no_breach,,,,
P041,P041_balanced_hybrid,job_loss_6m,13,emi_affordability_limit,9242597,10857910,7500000,12600506
P041,P041_balanced_hybrid,market_crash,,no_breach,,,,
P041,P041_balanced_hybrid,medical_emergency,,no_breach,,,,
P041,P041_balanced_hybrid,rate_hike,,no_breach,,,,
P041,P041_balanced_hybrid,compound_shock,13,emi_affordability_limit,9255097,7057641,7500000,8812738
P041,P041_delay_build,baseline,,no_breach,,,,
P041,P041_delay_build,job_loss_6m,13,emi_affordability_limit,9320764,10857910,6500000,13678674
P041,P041_delay_build,market_crash,,no_breach,,,,
P041,P041_delay_build,medical_emergency,,no_breach,,,,
P041,P041_delay_build,rate_hike,,no_breach,,,,
P041,P041_delay_build,compound_shock,13,emi_affordability_limit,9333264,7057641,6500000,9890906
P042,P042_full_cash,baseline,25,below_emergency_reserve,775000,11326575,0,22101575
P042,P042_full_cash,job_loss_6m,25,below_emergency_reserve,103000,10869989,0,20972989
P042,P042_full_cash,market_crash,25,below_emergency_reserve,775000,7928603,0,18703603
P042,P042_full_cash,medical_emergency,25,below_emergency_reserve,103000,11147166,0,21250166
P042,P042_full_cash,rate_hike,25,below_emergency_reserve,775000,11326575,0,22101575
P042,P042_full_cash,compound_shock,25,below_emergency_reserve,103000,5973365,0,16076365
P042,P042_high_down_payment,baseline,,no_breach,,,,
P042,P042_high_down_payment,job_loss_6m,13,emi_affordability_limit,8777088,10303935,5000000,14081023
P042,P042_high_down_payment,market_crash,,no_breach,,,,
P042,P042_high_down_payment,medical_emergency,,no_breach,,,,
P042,P042_high_down_payment,rate_hike,,no_breach,,,,
P042,P042_high_down_payment,compound_shock,13,emi_affordability_limit,8789588,6697558,5000000,10487146
P042,P042_balanced_hybrid,baseline,,no_breach,,,,
P042,P042_balanced_hybrid,job_loss_6m,13,emi_affordability_limit,8526597,10303935,7500000,11330531
P042,P042_balanced_hybrid,market_crash,,no_breach,,,,
P042,P042_balanced_hybrid,medical_emergency,,no_breach,,,,
P042,P042_balanced_hybrid,rate_hike,,no_breach,,,,
P042,P042_balanced_hybrid,compound_shock,13,emi_affordability_limit,8539097,6697558,7500000,7736654
P042,P042_delay_build,baseline,,no_breach,,,,
P042,P042_delay_build,job_loss_6m,13,emi_affordability_limit,8604764,10303935,6500000,12408699
P042,P042_delay_build,market_crash,,no_breach,,,,
P042,P042_delay_build,medical_emergency,,no_breach,,,,
P042,P042_delay_build,rate_hike,,no_breach,,,,
P042,P042_delay_build,compound_shock,13,emi_affordability_limit,8617264,6697558,6500000,8814822
P043,P043_full_cash,baseline,19,below_emergency_reserve,65000,3584133,0,13649133
P043,P043_full_cash,job_loss_6m,19,below_emergency_reserve,65000,2814670,0,12879670
P043,P043_full_cash,market_crash,19,below_emergency_reserve,65000,568640,0,10633640
P043,P043_full_cash,medical_emergency,19,below_emergency_reserve,65000,2729174,0,12794174
P043,P043_full_cash,rate_hike,19,below_emergency_reserve,65000,3584133,0,13649133
P043,P043_full_cash,compound_shock,19,insufficient_funds,-54000,0,0,9946000
P043,P043_high_down_payment,baseline,19,below_emergency_reserve,20883,7813320,4992273,12841930
P043,P043_high_down_payment,job_loss_6m,13,emi_affordability_limit,2543088,9706906,5000000,7249994
P043,P043_high_down_payment,market_crash,19,below_emergency_reserve,20883,4797828,4992273,9826438
P043,P043_high_down_payment,medical_emergency,19,below_emergency_reserve,20883,6958362,4992273,11986972
P043,P043_high_down_payment,rate_hike,19,below_emergency_reserve,14299,7786863,4994030,12807132
P043,P043_high_down_payment,compound_shock,13,emi_affordability_limit,2551588,6309489,5000000,3861077
P043,P043_balanced_hybrid,baseline,1,emi_affordability_limit,2401546,9052500,7500000,3954046
P043,P043_balanced_hybrid,job_loss_6m,1,emi_affordability_limit,2401546,9052500,7500000,3954046
P043,P043_balanced_hybrid,market_crash,1,emi_affordability_limit,2401546,9052500,7500000,3954046
P043,P043_balanced_hybrid,medical_emergency,1,emi_affordability_limit,2401546,9052500,7500000,3954046
P043,P043_balanced_hybrid,rate_hike,1,emi_affordability_limit,2401546,9052500,7500000,3954046
P043,P043_balanced_hybrid,compound_shock,1,emi_affordability_limit,2401546,9052500,7500000,3954046
P043,P043_delay_build,baseline,1,emi_affordability_limit,2407559,9052500,6500000,4960059
P043,P043_delay_build,job_loss_6m,1,emi_affordability_limit,2407559,9052500,6500000,4960059
P043,P043_delay_build,market_crash,1,emi_affordability_limit,2407559,9052500,6500000,4960059
P043,P043_delay_build,medical_emergency,1,emi_affordability_limit,2407559,9052500,6500000,4960059
P043,P043_delay_build,rate_hike,1,emi_affordability_limit,2407559,9052500,6500000,4960059
P043,P043_delay_build,compound_shock,1,emi_affordability_limit,2407559,9052500,6500000,4960059
P044,P044_full_cash,baseline,7,below_emergency_reserve,85000,2322039,0,12407039
P044,P044_full_cash,job_loss_6m,7,below_emergency_reserve,85000,2322039,0,12407039
P044,P044_full_cash,market_crash,7,below_emergency_reserve,85000,2322039,0,12407039
P044,P044_full_cash,medical_emergency,7,below_emergency_reserve,85000,2322039,0,12407039
P044,P044_full_cash,rate_hike,7,below_emergency_reserve,85000,2322039,0,12407039
P044,P044_full_cash,compound_shock,7,below_emergency_reserve,85000,2322039,0,12407039
P044,P044_high_down_payment,baseline,,no_breach,,,,
P044,P044_high_down_payment,job_loss_6m,13,emi_affordability_limit,2982528,4431800,4944712,12469616
P044,P044_high_down_payment,market_crash,,no_breach,,,,
P044,P044_high_down_payment,medical_emergency,,no_breach,,,,
P044,P044_high_down_payment,rate_hike,,no_breach,,,,
P044,P044_high_down_payment,compound_shock,13,emi_affordability_limit,2992528,2880670,4944712,10928486
P044,P044_balanced_hybrid,baseline,1,emi_affordability_limit,7621546,4031667,7500000,4153213
P044,P044_balanced_hybrid,job_loss_6m,1,emi_affordability_limit,7621546,4031667,7500000,4153213
P044,P044_balanced_hybrid,market_crash,1,emi_affordability_limit,7621546,4031667,7500000,4153213
P044,P044_balanced_hybrid,medical_emergency,1,emi_affordability_limit,7621546,4031667,7500000,4153213
P044,P044_balanced_hybrid,rate_hike,1,emi_affordability_limit,7621546,4031667,7500000,4153213
P044,P044_balanced_hybrid,compound_shock,1,emi_affordability_limit,7621546,4031667,7500000,4153213
P044,P044_delay_build,baseline,1,emi_affordability_limit,7627559,4031667,6500000,5159225
P044,P044_delay_build,job_loss_6m,1,emi_affordability_limit,7627559,4031667,6500000,5159225
P044,P044_delay_build,market_crash,1,emi_affordability_limit,7627559,4031667,6500000,5159225
P044,P044_delay_build,medical_emergency,1,emi_affordability_limit,7627559,4031667,6500000,5159225
P044,P044_delay_build,rate_hike,1,emi_affordability_limit,7627559,4031667,6500000,5159225
P044,P044_delay_build,compound_shock,1,emi_affordability_limit,7627559,4031667,6500000,5159225
P045,P045_full_cash,baseline,1,below_emergency_reserve,130000,6839667,0,16969667
P045,P045_full_cash,job_loss_6m,1,below_emergency_reserve,130000,6839667,0,16969667
P045,P045_full_cash,market_crash,1,below_emergency_reserve,130000,6839667,0,16969667
P045,P045_full_cash,medical_emergency,1,below_emergency_reserve,130000,6839667,0,16969667
P045,P045_full_cash,rate_hike,1,below_emergency_reserve,130000,6839667,0,16969667
P045,P045_full_cash,compound_shock,1,below_emergency_reserve,130000,6839667,0,16969667
P045,P045_high_down_payment,baseline,1,below_emergency_reserve,1385883,10561250,4992273,16954860
P045,P045_high_down_payment,job_loss_6m,1,below_emergency_reserve,1385883,10561250,4992273,16954860
P045,P045_high_down_payment,market_crash,1,below_emergency_reserve,1385883,10561250,4992273,16954860
P045,P045_high_down_payment,medical_emergency,1,below_emergency_reserve,1385883,10561250,4992273,16954860
P045,P045_high_down_payment,rate_hike,1,below_emergency_reserve,1385883,10561250,4992273,16954860
P045,P045_high_down_payment,compound_shock,1,below_emergency_reserve,1385883,10561250,4992273,16954860
P045,P045_balanced_hybrid,baseline,,no_breach,,,,
P045,P045_balanced_hybrid,job_loss_6m,13,emi_affordability_limit,4421426,11324724,7410470,18335680
P045,P045_balanced_hybrid,market_crash,,no_breach,,,,
P045,P045_balanced_hybrid,medical_emergency,,no_breach,,,,
P045,P045_balanced_hybrid,rate_hike,,no_breach,,,,
P045,P045_balanced_hybrid,compound_shock,13,emi_affordability_limit,4437926,7361070,7410470,14388527
P045,P045_delay_build,baseline,,no_breach,,,,
P045,P045_delay_build,job_loss_6m,13,emi_affordability_limit,6995764,11324724,6500000,11820488
P045,P045_delay_build,market_crash,,no_breach,,,,
P045,P045_delay_build,medical_emergency,,no_breach,,,,
P045,P045_delay_build,rate_hike,,no_breach,,,,
P045,P045_delay_build,compound_shock,13,emi_affordability_limit,7012264,7361070,6500000,7873335
P046,P046_full_cash,baseline,13,below_emergency_reserve,445000,11633475,0,22078475
P046,P046_full_cash,job_loss_6m,13,below_emergency_reserve,235000,11633475,0,21868475
P046,P046_full_cash,market_crash,13,below_emergency_reserve,445000,8143432,0,18588432
P046,P046_full_cash,medical_emergency,13,below_emergency_reserve,445000,11633475,0,22078475
P046,P046_full_cash,rate_hike,13,below_emergency_reserve,445000,11633475,0,22078475
P046,P046_full_cash,compound_shock,13,below_emergency_reserve,249000,7561758,0,17810758
P046,P046_high_down_payment,baseline,,no_breach,,,,
P046,P046_high_down_payment,job_loss_6m,13,emi_affordability_limit,4660656,11633475,4992273,21301858
P046,P046_high_down_payment,market_crash,,no_breach,,,,
P046,P046_high_down_payment,medical_emergency,,no_breach,,,,
P046,P046_high_down_payment,rate_hike,,no_breach,,,,
P046,P046_high_down_payment,compound_shock,13,emi_affordability_limit,4674656,7561758,4992273,17244142
P046,P046_balanced_hybrid,baseline,,no_breach,,,,
P046,P046_balanced_hybrid,job_loss_6m,13,emi_affordability_limit,6910152,11633475,7493421,21050206
P046,P046_balanced_hybrid,market_crash,,no_breach,,,,
P046,P046_balanced_hybrid,medical_emergency,,no_breach,,,,
P046,P046_balanced_hybrid,rate_hike,,no_breach,,,,
P046,P046_balanced_hybrid,compound_shock,13,emi_affordability_limit,6924152,7561758,7493421,16992490
P046,P046_delay_build,baseline,,no_breach,,,,
P046,P046_delay_build,job_loss_6m,13,emi_affordability_limit,9488264,11633475,6500000,14621739
P046,P046_delay_build,market_crash,,no_breach,,,,
P046,P046_delay_build,medical_emergency,,no_breach,,,,
P046,P046_delay_build,rate_hike,,no_breach,,,,
P046,P046_delay_build,compound_shock,13,emi_affordability_limit,9502264,7561758,6500000,10564023
P047,P047_full_cash,baseline,13,below_emergency_reserve,122000,8119532,0,18241532
P047,P047_full_cash,job_loss_6m,13,below_emergency_reserve,0,8031532,0,18031532
P047,P047_full_cash,market_crash,13,below_emergency_reserve,122000,4948609,0,15070609
P047,P047_full_cash,medical_emergency,13,below_emergency_reserve,122000,8119532,0,18241532
P047,P047_full_cash,rate_hike,13,below_emergency_reserve,122000,8119532,0,18241532
P047,P047_full_cash,compound_shock,13,below_emergency_reserve,0,4346122,0,14346122
P047,P047_high_down_payment,baseline,,no_breach,,,,
P047,P047_high_down_payment,job_loss_6m,13,emi_affordability_limit,1901656,10569742,4992273,17479126
P047,P047_high_down_payment,market_crash,,no_breach,,,,
P047,P047_high_down_payment,medical_emergency,18,below_emergency_reserve,1652112,10881644,4952783,17580972
P047,P047_high_down_payment,rate_hike,,no_breach,,,,
P047,P047_high_down_payment,compound_shock,13,emi_affordability_limit,1915656,6870332,4992273,13793716
P047,P047_balanced_hybrid,baseline,,no_breach,,,,
P047,P047_balanced_hybrid,job_loss_6m,13,emi_affordability_limit,4151152,10569742,7493421,17227473
P047,P047_balanced_hybrid,market_crash,,no_breach,,,,
P047,P047_balanced_hybrid,medical_emergency,,no_breach,,,,
P047,P047_balanced_hybrid,rate_hike,15,emi_affordability_limit,4467898,10693415,7485841,17675473
P047,P047_balanced_hybrid,compound_shock,13,emi_affordability_limit,4165152,6870332,7493421,13542064
P047,P047_delay_build,baseline,,no_breach,,,,
P047,P047_delay_build,job_loss_6m,13,emi_affordability_limit,6729264,10569742,6500000,10799006
P047,P047_delay_build,market_crash,,no_breach,,,,
P047,P047_delay_build,medical_emergency,,no_breach,,,,
P047,P047_delay_build,rate_hike,,no_breach,,,,
P047,P047_delay_build,compound_shock,13,emi_affordability_limit,6743264,6870332,6500000,7113597
P048,P048_full_cash,baseline,1,below_emergency_reserve,1005000,6437333,0,7442333
P048,P048_full_cash,job_loss_6m,1,below_emergency_reserve,1005000,6437333,0,7442333
P048,P048_full_cash,market_crash,1,below_emergency_reserve,1005000,6437333,0,7442333
P048,P048_full_cash,medical_emergency,1,below_emergency_reserve,1005000,6437333,0,7442333
P048,P048_full_cash,rate_hike,1,below_emergency_reserve,1005000,6437333,0,7442333
P048,P048_full_cash,compound_shock,1,below_emergency_reserve,1005000,6437333,0,7442333
P048,P048_high_down_payment,baseline,1,below_emergency_reserve,960814,6437333,5000000,2398148
P048,P048_high_down_payment,job_loss_6m,1,below_emergency_reserve,960814,6437333,5000000,2398148
P048,P048_high_down_payment,market_crash,1,below_emergency_reserve,960814,6437333,5000000,2398148
P048,P048_high_down_payment,medical_emergency,1,below_emergency_reserve,960814,6437333,5000000,2398148
P048,P048_high_down_payment,rate_hike,1,below_emergency_reserve,960814,6437333,5000000,2398148
P048,P048_high_down_payment,compound_shock,1,below_emergency_reserve,960814,6437333,5000000,2398148
P048,P048_balanced_hybrid,baseline,1,below_emergency_reserve,941546,6437333,7500000,-121121
P048,P048_balanced_hybrid,job_loss_6m,1,below_emergency_reserve,941546,6437333,7500000,-121121
P048,P048_balanced_hybrid,market_crash,1,below_emergency_reserve,941546,6437333,7500000,-121121
P048,P048_balanced_hybrid,medical_emergency,1,below_emergency_reserve,941546,6437333,7500000,-121121
P048,P048_balanced_hybrid,rate_hike,1,below_emergency_reserve,941546,6437333,7500000,-121121
P048,P048_balanced_hybrid,compound_shock,1,below_emergency_reserve,941546,6437333,7500000,-121121
P048,P048_delay_build,baseline,1,below_emergency_reserve,947559,6437333,6500000,884892
P048,P048_delay_build,job_loss_6m,1,below_emergency_reserve,947559,6437333,6500000,884892
P048,P048_delay_build,market_crash,1,below_emergency_reserve,947559,6437333,6500000,884892
P048,P048_delay_build,medical_emergency,1,below_emergency_reserve,947559,6437333,6500000,884892
P048,P048_delay_build,rate_hike,1,below_emergency_reserve,947559,6437333,6500000,884892
P048,P048_delay_build,compound_shock,1,below_emergency_reserve,947559,6437333,6500000,884892
P049,P049_full_cash,baseline,19,below_emergency_reserve,65000,1999010,0,12064010
P049,P049_full_cash,job_loss_6m,13,emi_affordability_limit,4310000,7010543,0,11320543
P049,P049_full_cash,market_crash,19,below_emergency_reserve,65000,0,0,10065000
P049,P049_full_cash,medical_emergency,19,below_emergency_reserve,65000,1144052,0,11209052
P049,P049_full_cash,rate_hike,19,below_emergency_reserve,65000,1999010,0,12064010
P049,P049_full_cash,compound_shock,13,emi_affordability_limit,4319000,4556853,0,8875853
P049,P049_high_down_payment,baseline,1,emi_affordability_limit,3620814,6537917,5000000,5158731
P049,P049_high_down_payment,job_loss_6m,1,emi_affordability_limit,3620814,6537917,5000000,5158731
P049,P049_high_down_payment,market_crash,1,emi_affordability_limit,3620814,6537917,5000000,5158731
P049,P049_high_down_payment,medical_emergency,1,emi_affordability_limit,3620814,6537917,5000000,5158731
P049,P049_high_down_payment,rate_hike,1,emi_affordability_limit,3620814,6537917,5000000,5158731
P049,P049_high_down_payment,compound_shock,1,emi_affordability_limit,3620814,6537917,5000000,5158731
P049,P049_balanced_hybrid,baseline,1,emi_affordability_limit,3601546,6537917,7500000,2639463
P049,P049_balanced_hybrid,job_loss_6m,1,emi_affordability_limit,3601546,6537917,7500000,2639463
P049,P049_balanced_hybrid,market_crash,1,emi_affordability_limit,3601546,6537917,7500000,2639463
P049,P049_balanced_hybrid,medical_emergency,1,emi_affordability_limit,3601546,6537917,7500000,2639463
P049,P049_balanced_hybrid,rate_hike,1,emi_affordability_limit,3601546,6537917,7500000,2639463
P049,P049_balanced_hybrid,compound_shock,1,emi_affordability_limit,3601546,6537917,7500000,2639463
P049,P049_delay_build,baseline,1,emi_affordability_limit,3607559,6537917,6500000,3645475
P049,P049_delay_build,job_loss_6m,1,emi_affordability_limit,3607559,6537917,6500000,3645475
P049,P049_delay_build,market_crash,1,emi_affordability_limit,3607559,6537917,6500000,3645475
P049,P049_delay_build,medical_emergency,1,emi_affordability_limit,3607559,6537917,6500000,3645475
P049,P049_delay_build,rate_hike,1,emi_affordability_limit,3607559,6537917,6500000,3645475
P049,P049_delay_build,compound_shock,1,emi_affordability_limit,3607559,6537917,6500000,3645475
P050,P050_full_cash,baseline,7,below_emergency_reserve,128000,2351198,0,12479198
P050,P050_full_cash,job_loss_6m,7,below_emergency_reserve,128000,2351198,0,12479198
P050,P050_full_cash,market_crash,7,below_emergency_reserve,128000,2351198,0,12479198
P050,P050_full_cash,medical_emergency,7,below_emergency_reserve,128000,2351198,0,12479198
P050,P050_full_cash,rate_hike,7,below_emergency_reserve,128000,2351198,0,12479198
P050,P050_full_cash,compound_shock,7,below_emergency_reserve,128000,2351198,0,12479198
P050,P050_high_down_payment,baseline,,no_breach,,,,
P050,P050_high_down_payment,job_loss_6m,13,emi_affordability_limit,3761528,3767030,4944712,12583846
P050,P050_high_down_payment,market_crash,,no_breach,,,,
P050,P050_high_down_payment,medical_emergency,,no_breach,,,,
P050,P050_high_down_payment,rate_hike,,no_breach,,,,
P050,P050_high_down_payment,compound_shock,13,emi_affordability_limit,3783528,2448569,4944712,11287386
P050,P050_balanced_hybrid,baseline,,no_breach,,,,
P050,P050_balanced_hybrid,job_loss_6m,13,emi_affordability_limit,6010679,3767030,7452885,12324824
P050,P050_balanced_hybrid,market_crash,,no_breach,,,,
P050,P050_balanced_hybrid,medical_emergency,,no_breach,,,,
P050,P050_balanced_hybrid,rate_hike,,no_breach,,,,
P050,P050_balanced_hybrid,compound_shock,13,emi_affordability_limit,6032679,2448569,7452885,11028363
P050,P050_delay_build,baseline,,no_breach,,,,
P050,P050_delay_build,job_loss_6m,13,emi_affordability_limit,8587264,3767030,6500000,5854294
P050,P050_delay_build,market_crash,,no_breach,,,,
P050,P050_delay_build,medical_emergency,,no_breach,,,,
P050,P050_delay_build,rate_hike,,no_breach,,,,
P050,P050_delay_build,compound_shock,13,emi_affordability_limit,8609264,2448569,6500000,4557834
P051,P051_full_cash,baseline,13,below_emergency_reserve,100000,7378947,0,17478947
P051,P051_full_cash,job_loss_6m,13,below_emergency_reserve,0,7253947,0,17253947
P051,P051_full_cash,market_crash,13,below_emergency_reserve,100000,4531588,0,14631588
P051,P051_full_cash,medical_emergency,13,below_emergency_reserve,100000,7378947,0,17478947
P051,P051_full_cash,rate_hike,13,below_emergency_reserve,100000,7378947,0,17478947
P051,P051_full_cash,compound_shock,13,below_emergency_reserve,0,3947028,0,13947028
P051,P051_high_down_payment,baseline,,no_breach,,,,
P051,P051_high_down_payment,job_loss_6m,13,below_emergency_reserve,2200656,9491197,4992273,16699580
P051,P051_high_down_payment,market_crash,,no_breach,,,,
P051,P051_high_down_payment,medical_emergency,18,below_emergency_reserve,1856112,9771272,4952783,16674601
P051,P051_high_down_payment,rate_hike,,no_breach,,,,
P051,P051_high_down_payment,compound_shock,13,below_emergency_reserve,2215656,6169278,4992273,13392662
P051,P051_balanced_hybrid,baseline,,no_breach,,,,
P051,P051_balanced_hybrid,job_loss_6m,13,emi_affordability_limit,4450152,9491197,7493421,16447928
P051,P051_balanced_hybrid,market_crash,,no_breach,,,,
P051,P051_balanced_hybrid,medical_emergency,,no_breach,,,,
P051,P051_balanced_hybrid,rate_hike,,no_breach,,,,
P051,P051_balanced_hybrid,compound_shock,13,emi_affordability_limit,4465152,6169278,7493421,13141009
P051,P051_delay_build,baseline,,no_breach,,,,
P051,P051_delay_build,job_loss_6m,13,emi_affordability_limit,7028264,9491197,6500000,10019461
P051,P051_delay_build,market_crash,,no_breach,,,,
P051,P051_delay_build,medical_emergency,,no_breach,,,,
P051,P051_delay_build,rate_hike,,no_breach,,,,
P051,P051_delay_build,compound_shock,13,emi_affordability_limit,7043264,6169278,6500000,6712542
P052,P052_full_cash,baseline,1,below_emergency_reserve,190000,0,0,10190000
P052,P052_full_cash,job_loss_6m,1,below_emergency_reserve,190000,0,0,10190000
P052,P052_full_cash,market_crash,1,below_emergency_reserve,190000,0,0,10190000
P052,P052_full_cash,medical_emergency,1,below_emergency_reserve,190000,0,0,10190000
P052,P052_full_cash,rate_hike,1,below_emergency_reserve,190000,0,0,10190000
P052,P052_full_cash,compound_shock,1,below_emergency_reserve,190000,0,0,10190000
P052,P052_high_down_payment,baseline,1,below_emergency_reserve,145883,1310292,4992273,6463902
P052,P052_high_down_payment,job_loss_6m,1,below_emergency_reserve,145883,1310292,4992273,6463902
P052,P052_high_down_payment,market_crash,1,below_emergency_reserve,145883,1310292,4992273,6463902
P052,P052_high_down_payment,medical_emergency,1,below_emergency_reserve,145883,1310292,4992273,6463902
P052,P052_high_down_payment,rate_hike,1,below_emergency_reserve,145883,1310292,4992273,6463902
P052,P052_high_down_payment,compound_shock,1,below_emergency_reserve,145883,1310292,4992273,6463902
P052,P052_balanced_hybrid,baseline,1,below_emergency_reserve,126602,3830083,7493421,6463264
P052,P052_balanced_hybrid,job_loss_6m,1,below_emergency_reserve,126602,3830083,7493421,6463264
P052,P052_balanced_hybrid,market_crash,1,below_emergency_reserve,126602,3830083,7493421,6463264
P052,P052_balanced_hybrid,medical_emergency,1,below_emergency_reserve,126602,3830083,7493421,6463264
P052,P052_balanced_hybrid,rate_hike,1,below_emergency_reserve,126602,3830083,7493421,6463264
P052,P052_balanced_hybrid,compound_shock,1,below_emergency_reserve,126602,3830083,7493421,6463264
P052,P052_delay_build,baseline,1,below_emergency_reserve,2132559,4334042,6500000,-33400
P052,P052_delay_build,job_loss_6m,1,below_emergency_reserve,2132559,4334042,6500000,-33400
P052,P052_delay_build,market_crash,1,below_emergency_reserve,2132559,4334042,6500000,-33400
P052,P052_delay_build,medical_emergency,1,below_emergency_reserve,2132559,4334042,6500000,-33400
P052,P052_delay_build,rate_hike,1,below_emergency_reserve,2132559,4334042,6500000,-33400
P052,P052_delay_build,compound_shock,1,below_emergency_reserve,2132559,4334042,6500000,-33400
P053,P053_full_cash,baseline,1,below_emergency_reserve,1762000,2922958,0,4684958
P053,P053_full_cash,job_loss_6m,1,below_emergency_reserve,1762000,2922958,0,4684958
P053,P053_full_cash,market_crash,1,below_emergency_reserve,1762000,2922958,0,4684958
P053,P053_full_cash,medical_emergency,1,below_emergency_reserve,1762000,2922958,0,4684958
P053,P053_full_cash,rate_hike,1,below_emergency_reserve,1762000,2922958,0,4684958
P053,P053_full_cash,compound_shock,1,below_emergency_reserve,1762000,2922958,0,4684958
P053,P053_high_down_payment,baseline,1,below_emergency_reserve,1717814,2922958,5000000,-359227
P053,P053_high_down_payment,job_loss_6m,1,below_emergency_reserve,1717814,2922958,5000000,-359227
P053,P053_high_down_payment,market_crash,1,below_emergency_reserve,1717814,2922958,5000000,-359227
P053,P053_high_down_payment,medical_emergency,1,below_emergency_reserve,1717814,2922958,5000000,-359227
P053,P053_high_down_payment,rate_hike,1,below_emergency_reserve,1717814,2922958,5000000,-359227
P053,P053_high_down_payment,compound_shock,1,below_emergency_reserve,1717814,2922958,5000000,-359227
P053,P053_balanced_hybrid,baseline,1,below_emergency_reserve,1698546,2922958,7500000,-2878496
P053,P053_balanced_hybrid,job_loss_6m,1,below_emergency_reserve,1698546,2922958,7500000,-2878496
P053,P053_balanced_hybrid,market_crash,1,below_emergency_reserve,1698546,2922958,7500000,-2878496
P053,P053_balanced_hybrid,medical_emergency,1,below_emergency_reserve,1698546,2922958,7500000,-2878496
P053,P053_balanced_hybrid,rate_hike,1,below_emergency_reserve,1698546,2922958,7500000,-2878496
P053,P053_balanced_hybrid,compound_shock,1,below_emergency_reserve,1698546,2922958,7500000,-2878496
P053,P053_delay_build,baseline,1,below_emergency_reserve,1704559,2922958,6500000,-1872483
P053,P053_delay_build,job_loss_6m,1,below_emergency_reserve,1704559,2922958,6500000,-1872483
P053,P053_delay_build,market_crash,1,below_emergency_reserve,1704559,2922958,6500000,-1872483
P053,P053_delay_build,medical_emergency,1,below_emergency_reserve,1704559,2922958,6500000,-1872483
P053,P053_delay_build,rate_hike,1,below_emergency_reserve,1704559,2922958,6500000,-1872483
P053,P053_delay_build,compound_shock,1,below_emergency_reserve,1704559,2922958,6500000,-1872483
P054,P054_full_cash,baseline,1,below_emergency_reserve,2435000,6047500,0,8482500
P054,P054_full_cash,job_loss_6m,1,below_emergency_reserve,2435000,6047500,0,8482500
P054,P054_full_cash,market_crash,1,below_emergency_reserve,2435000,6047500,0,8482500
P054,P054_full_cash,medical_emergency,1,below_emergency_reserve,2435000,6047500,0,8482500
P054,P054_full_cash,rate_hike,1,below_emergency_reserve,2435000,6047500,0,8482500
P054,P054_full_cash,compound_shock,1,below_emergency_reserve,2435000,6047500,0,8482500
P054,P054_high_down_payment,baseline,1,below_emergency_reserve,2390814,6047500,5000000,3438314
P054,P054_high_down_payment,job_loss_6m,1,below_emergency_reserve,2390814,6047500,5000000,3438314
P054,P054_high_down_payment,market_crash,1,below_emergency_reserve,2390814,6047500,5000000,3438314
P054,P054_high_down_payment,medical_emergency,1,below_emergency_reserve,2390814,6047500,5000000,3438314
P054,P054_high_down_payment,rate_hike,1,below_emergency_reserve,2390814,6047500,5000000,3438314
P054,P054_high_down_payment,compound_shock,1,below_emergency_reserve,2390814,6047500,5000000,3438314
P054,P054_balanced_hybrid,baseline,1,below_emergency_reserve,2371546,6047500,7500000,919046
P054,P054_balanced_hybrid,job_loss_6m,1,below_emergency_reserve,2371546,6047500,7500000,919046
P054,P054_balanced_hybrid,market_crash,1,below_emergency_reserve,2371546,6047500,7500000,919046
P054,P054_balanced_hybrid,medical_emergency,1,below_emergency_reserve,2371546,6047500,7500000,919046
P054,P054_balanced_hybrid,rate_hike,1,below_emergency_reserve,2371546,6047500,7500000,919046
P054,P054_balanced_hybrid,compound_shock,1,below_emergency_reserve,2371546,6047500,7500000,919046
P054,P054_delay_build,baseline,1,below_emergency_reserve,2377559,6047500,6500000,1925059
P054,P054_delay_build,job_loss_6m,1,below_emergency_reserve,2377559,6047500,6500000,1925059
P054,P054_delay_build,market_crash,1,below_emergency_reserve,2377559,6047500,6500000,1925059
P054,P054_delay_build,medical_emergency,1,below_emergency_reserve,2377559,6047500,6500000,1925059
P054,P054_delay_build,rate_hike,1,below_emergency_reserve,2377559,6047500,6500000,1925059
P054,P054_delay_build,compound_shock,1,below_emergency_reserve,2377559,6047500,6500000,1925059
P055,P055_full_cash,baseline,,no_breach,,,,
P055,P055_full_cash,job_loss_6m,25,below_emergency_reserve,950000,12057322,0,23007322
P055,P055_full_cash,market_crash,,no_breach,,,,
P055,P055_full_cash,medical_emergency,25,below_emergency_reserve,2800000,12057322,0,24857322
P055,P055_full_cash,rate_hike,,no_breach,,,,
P055,P055_full_cash,compound_shock,25,below_emergency_reserve,262000,7210335,0,17472335
P055,P055_high_down_payment,baseline,,no_breach,,,,
P055,P055_high_down_payment,job_loss_6m,,no_breach,,,,
P055,P055_high_down_payment,market_crash,,no_breach,,,,
P055,P055_high_down_payment,medical_emergency,,no_breach,,,,
P055,P055_high_down_payment,rate_hike,,no_breach,,,,
P055,P055_high_down_payment,compound_shock,,no_breach,,,,
P055,P055_balanced_hybrid,baseline,,no_breach,,,,
P055,P055_balanced_hybrid,job_loss_6m,13,emi_affordability_limit,9231097,10968705,7500000,12699801
P055,P055_balanced_hybrid,market_crash,,no_breach,,,,
P055,P055_balanced_hybrid,medical_emergency,,no_breach,,,,
P055,P055_balanced_hybrid,rate_hike,,no_breach,,,,
P055,P055_balanced_hybrid,compound_shock,13,emi_affordability_limit,9261097,7129658,7500000,8890755
P055,P055_delay_build,baseline,,no_breach,,,,
P055,P055_delay_build,job_loss_6m,13,emi_affordability_limit,9309264,10968705,6500000,13777969
P055,P055_delay_build,market_crash,,no_breach,,,,
P055,P055_delay_build,medical_emergency,,no_breach,,,,
P055,P055_delay_build,rate_hike,,no_breach,,,,
P055,P055_delay_build,compound_shock,15,emi_affordability_limit,8902016,7242991,6500000,9645008
P056,P056_full_cash,baseline,7,below_emergency_reserve,140000,3820595,0,13960595
P056,P056_full_cash,job_loss_6m,7,below_emergency_reserve,140000,3820595,0,13960595
P056,P056_full_cash,market_crash,7,below_emergency_reserve,140000,3820595,0,13960595
P056,P056_full_cash,medical_emergency,7,below_emergency_reserve,140000,3820595,0,13960595
P056,P056_full_cash,rate_hike,7,below_emergency_reserve,140000,3820595,0,13960595
P056,P056_full_cash,compound_shock,7,below_emergency_reserve,140000,3820595,0,13960595
P056,P056_high_down_payment,baseline,7,below_emergency_reserve,95883,8592966,4992273,13696576
P056,P056_high_down_payment,job_loss_6m,7,below_emergency_reserve,95883,8592966,4992273,13696576
P056,P056_high_down_payment,market_crash,7,below_emergency_reserve,95883,8592966,4992273,13696576
P056,P056_high_down_payment,medical_emergency,7,below_emergency_reserve,95883,8592966,4992273,13696576
P056,P056_high_down_payment,rate_hike,7,below_emergency_reserve,95883,8592966,4992273,13696576
P056,P056_high_down_payment,compound_shock,7,below_emergency_reserve,95883,8592966,4992273,13696576
P056,P056_balanced_hybrid,baseline,7,below_emergency_reserve,1235877,9827778,7493421,13570234
P056,P056_balanced_hybrid,job_loss_6m,7,below_emergency_reserve,1235877,9827778,7493421,13570234
P056,P056_balanced_hybrid,market_crash,7,below_emergency_reserve,1235877,9827778,7493421,13570234
P056,P056_balanced_hybrid,medical_emergency,7,below_emergency_reserve,1235877,9827778,7493421,13570234
P056,P056_balanced_hybrid,rate_hike,7,below_emergency_reserve,1235877,9827778,7493421,13570234
P056,P056_balanced_hybrid,compound_shock,7,below_emergency_reserve,1235877,9827778,7493421,13570234
P056,P056_delay_build,baseline,,no_breach,,,,
P056,P056_delay_build,job_loss_6m,13,emi_affordability_limit,4010764,10303935,6500000,7814699
P056,P056_delay_build,market_crash,,no_breach,,,,
P056,P056_delay_build,medical_emergency,25,below_emergency_reserve,914059,11326575,6489955,15750679
P056,P056_delay_build,rate_hike,,no_breach,,,,
P056,P056_delay_build,compound_shock,13,emi_affordability_limit,4028264,6697558,6500000,4225822
P057,P057_full_cash,baseline,13,below_emergency_reserve,75000,0,0,10075000
P057,P057_full_cash,job_loss_6m,13,insufficient_funds,-60000,0,0,9940000
P057,P057_full_cash,market_crash,13,below_emergency_reserve,75000,0,0,10075000
P057,P057_full_cash,medical_emergency,13,below_emergency_reserve,75000,0,0,10075000
P057,P057_full_cash,rate_hike,13,below_emergency_reserve,75000,0,0,10075000
P057,P057_full_cash,compound_shock,13,insufficient_funds,-51000,0,0,9949000
P057,P057_high_down_payment,baseline,13,below_emergency_reserve,30883,2731401,4992273,7770011
P057,P057_high_down_payment,job_loss_6m,13,below_emergency_reserve,0,2627283,4992273,7635011
P057,P057_high_down_payment,market_crash,13,below_emergency_reserve,30883,1631285,4992273,6669895
P057,P057_high_down_payment,medical_emergency,13,below_emergency_reserve,30883,2731401,4992273,7770011
P057,P057_high_down_payment,rate_hike,13,below_emergency_reserve,30883,2731401,4992273,7770011
P057,P057_high_down_payment,compound_shock,13,below_emergency_reserve,0,1352815,4992273,6360542
P057,P057_balanced_hybrid,baseline,1,emi_affordability_limit,3711546,3419833,7500000,-368621
P057,P057_balanced_hybrid,job_loss_6m,1,emi_affordability_limit,3711546,3419833,7500000,-368621
P057,P057_balanced_hybrid,market_crash,1,emi_affordability_limit,3711546,3419833,7500000,-368621
P057,P057_balanced_hybrid,medical_emergency,1,emi_affordability_limit,3711546,3419833,7500000,-368621
P057,P057_balanced_hybrid,rate_hike,1,emi_affordability_limit,3711546,3419833,7500000,-368621
P057,P057_balanced_hybrid,compound_shock,1,emi_affordability_limit,3711546,3419833,7500000,-368621
P057,P057_delay_build,baseline,25,below_emergency_reserve,639059,3932145,6489955,8081249
P057,P057_delay_build,job_loss_6m,13,emi_affordability_limit,3793264,3667053,6500000,960318
P057,P057_delay_build,market_crash,25,below_emergency_reserve,639059,2752501,6489955,6901606
P057,P057_delay_build,medical_emergency,25,below_emergency_reserve,17648,3702223,6489955,7229916
P057,P057_delay_build,rate_hike,15,emi_affordability_limit,3954833,3709960,6500000,1164794
P057,P057_delay_build,compound_shock,13,emi_affordability_limit,3802264,2383585,6500000,-314151
P058,P058_full_cash,baseline,1,below_emergency_reserve,90000,0,0,10090000
P058,P058_full_cash,job_loss_6m,1,below_emergency_reserve,90000,0,0,10090000
P058,P058_full_cash,market_crash,1,below_emergency_reserve,90000,0,0,10090000
P058,P058_full_cash,medical_emergency,1,below_emergency_reserve,90000,0,0,10090000
P058,P058_full_cash,rate_hike,1,below_emergency_reserve,90000,0,0,10090000
P058,P058_full_cash,compound_shock,1,below_emergency_reserve,90000,0,0,10090000
P058,P058_high_down_payment,baseline,1,below_emergency_reserve,45883,0,4992273,5053610
P058,P058_high_down_payment,job_loss_6m,1,below_emergency_reserve,45883,0,4992273,5053610
P058,P058_high_down_payment,market_crash,1,below_emergency_reserve,45883,0,4992273,5053610
P058,P058_high_down_payment,medical_emergency,1,below_emergency_reserve,45883,0,4992273,5053610
P058,P058_high_down_payment,rate_hike,1,below_emergency_reserve,45883,0,4992273,5053610
P058,P058_high_down_payment,compound_shock,1,below_emergency_reserve,45883,0,4992273,5053610
P058,P058_balanced_hybrid,baseline,1,below_emergency_reserve,26602,2116625,7493421,4649806
P058,P058_balanced_hybrid,job_loss_6m,1,below_emergency_reserve,26602,2116625,7493421,4649806
P058,P058_balanced_hybrid,market_crash,1,below_emergency_reserve,26602,2116625,7493421,4649806
P058,P058_balanced_hybrid,medical_emergency,1,below_emergency_reserve,26602,2116625,7493421,4649806
P058,P058_balanced_hybrid,rate_hike,1,below_emergency_reserve,26602,2116625,7493421,4649806
P058,P058_balanced_hybrid,compound_shock,1,below_emergency_reserve,26602,2116625,7493421,4649806
P058,P058_delay_build,baseline,25,below_emergency_reserve,32648,2358294,6489955,5900987
P058,P058_delay_build,job_loss_6m,13,emi_affordability_limit,2613264,2437490,6500000,-1449246
P058,P058_delay_build,market_crash,25,below_emergency_reserve,32648,1554473,6489955,5097166
P058,P058_delay_build,medical_emergency,25,below_emergency_reserve,32648,1501565,6489955,5044258
P058,P058_delay_build,rate_hike,25,below_emergency_reserve,24089,2272130,6492239,5803980
P058,P058_delay_build,compound_shock,13,emi_affordability_limit,2627264,1584368,6500000,-2288367
P059,P059_full_cash,baseline,19,below_emergency_reserve,190000,3575367,0,13765367
P059,P059_full_cash,job_loss_6m,19,below_emergency_reserve,190000,893817,0,11083817
P059,P059_full_cash,market_crash,19,below_emergency_reserve,190000,1690717,0,11880717
P059,P059_full_cash,medical_emergency,19,below_emergency_reserve,190000,2716867,0,12906867
P059,P059_full_cash,rate_hike,19,below_emergency_reserve,190000,3575367,0,13765367
P059,P059_full_cash,compound_shock,19,insufficient_funds,-223000,0,0,9777000
P059,P059_high_down_payment,baseline,19,below_emergency_reserve,1670543,6282167,4992273,12960437
P059,P059_high_down_payment,job_loss_6m,19,below_emergency_reserve,145883,5140524,4992273,10294133
P059,P059_high_down_payment,market_crash,19,below_emergency_reserve,1670543,4397517,4992273,11075787
P059,P059_high_down_payment,medical_emergency,19,below_emergency_reserve,820543,6282167,4992273,12110437
P059,P059_high_down_payment,rate_hike,19,below_emergency_reserve,1637656,6282167,4994030,12925792
P059,P059_high_down_payment,compound_shock,19,below_emergency_reserve,0,2172233,4993626,7178607
P059,P059_balanced_hybrid,baseline,,no_breach,,,,
P059,P059_balanced_hybrid,job_loss_6m,19,below_emergency_reserve,1149428,6282167,7493421,9938173
P059,P059_balanced_hybrid,market_crash,,no_breach,,,,
P059,P059_balanced_hybrid,medical_emergency,,no_breach,,,,
P059,P059_balanced_hybrid,rate_hike,,no_breach,,,,
P059,P059_balanced_hybrid,compound_shock,19,below_emergency_reserve,223941,4083408,7494900,6812449
P059,P059_delay_build,baseline,,no_breach,,,,
P059,P059_delay_build,job_loss_6m,25,below_emergency_reserve,1059059,6668646,6489955,11237751
P059,P059_delay_build,market_crash,,no_breach,,,,
P059,P059_delay_build,medical_emergency,,no_breach,,,,
P059,P059_delay_build,rate_hike,,no_breach,,,,
P059,P059_delay_build,compound_shock,25,below_emergency_reserve,126275,3894013,6491714,7528573
P060,P060_full_cash,baseline,7,below_emergency_reserve,275000,8048269,0,18323269
P060,P060_full_cash,job_loss_6m,7,below_emergency_reserve,275000,8048269,0,18323269
P060,P060_full_cash,market_crash,7,below_emergency_reserve,275000,8048269,0,18323269
P060,P060_full_cash,medical_emergency,7,below_emergency_reserve,275000,8048269,0,18323269
P060,P060_full_cash,rate_hike,7,below_emergency_reserve,275000,8048269,0,18323269
P060,P060_full_cash,compound_shock,7,below_emergency_reserve,275000,8048269,0,18323269
P060,P060_high_down_payment,baseline,,no_breach,,,,
P060,P060_high_down_payment,job_loss_6m,13,emi_affordability_limit,3765028,10677597,4944712,19497913
P060,P060_high_down_payment,market_crash,,no_breach,,,,
P060,P060_high_down_payment,medical_emergency,,no_breach,,,,
P060,P060_high_down_payment,rate_hike,,no_breach,,,,
P060,P060_high_down_payment,compound_shock,13,emi_affordability_limit,3787528,6940438,4944712,15783254
P060,P060_balanced_hybrid,baseline,,no_breach,,,,
P060,P060_balanced_hybrid,job_loss_6m,13,emi_affordability_limit,6014179,10677597,7452885,19238890
P060,P060_balanced_hybrid,market_crash,,no_breach,,,,
P060,P060_balanced_hybrid,medical_emergency,,no_breach,,,,
P060,P060_balanced_hybrid,rate_hike,,no_breach,,,,
P060,P060_balanced_hybrid,compound_shock,13,emi_affordability_limit,6036679,6940438,7452885,15524232
P060,P060_delay_build,baseline,,no_breach,,,,
P060,P060_delay_build,job_loss_6m,13,emi_affordability_limit,8590764,10677597,6500000,12768361
P060,P060_delay_build,market_crash,,no_breach,,,,
P060,P060_delay_build,medical_emergency,,no_breach,,,,
P060,P060_delay_build,rate_hike,,no_breach,,,,
P060,P060_delay_build,compound_shock,13,emi_affordability_limit,8613264,6940438,6500000,9053702
P061,P061_full_cash,baseline,1,below_emergency_reserve,162000,0,0,10162000
P061,P061_full_cash,job_loss_6m,1,below_emergency_reserve,162000,0,0,10162000
P061,P061_full_cash,market_crash,1,below_emergency_reserve,162000,0,0,10162000
P061,P061_full_cash,medical_emergency,1,below_emergency_reserve,162000,0,0,10162000
P061,P061_full_cash,rate_hike,1,below_emergency_reserve,162000,0,0,10162000
P061,P061_full_cash,compound_shock,1,below_emergency_reserve,162000,0,0,10162000
P061,P061_high_down_payment,baseline,1,below_emergency_reserve,117883,2011667,4992273,7137277
P061,P061_high_down_payment,job_loss_6m,1,below_emergency_reserve,117883,2011667,4992273,7137277
P061,P061_high_down_payment,market_crash,1,below_emergency_reserve,117883,2011667,4992273,7137277
P061,P061_high_down_payment,medical_emergency,1,below_emergency_reserve,117883,2011667,4992273,7137277
P061,P061_high_down_payment,rate_hike,1,below_emergency_reserve,117883,2011667,4992273,7137277
P061,P061_high_down_payment,compound_shock,1,below_emergency_reserve,117883,2011667,4992273,7137277
P061,P061_balanced_hybrid,baseline,1,below_emergency_reserve,2498602,2112250,7493421,7117431
P061,P061_balanced_hybrid,job_loss_6m,1,below_emergency_reserve,2498602,2112250,7493421,7117431
P061,P061_balanced_hybrid,market_crash,1,below_emergency_reserve,2498602,2112250,7493421,7117431
P061,P061_balanced_hybrid,medical_emergency,1,below_emergency_reserve,2498602,2112250,7493421,7117431
P061,P061_balanced_hybrid,rate_hike,1,below_emergency_reserve,2498602,2112250,7493421,7117431
P061,P061_balanced_hybrid,compound_shock,1,below_emergency_reserve,2498602,2112250,7493421,7117431
P061,P061_delay_build,baseline,,no_breach,,,,
P061,P061_delay_build,job_loss_6m,13,emi_affordability_limit,5899264,2264945,6500000,1664209
P061,P061_delay_build,market_crash,,no_breach,,,,
P061,P061_delay_build,medical_emergency,25,below_emergency_reserve,3164059,2428678,6489955,9102782
P061,P061_delay_build,rate_hike,,no_breach,,,,
P061,P061_delay_build,compound_shock,13,emi_affordability_limit,5923264,1472214,6500000,895479
P062,P062_full_cash,baseline,1,below_emergency_reserve,275000,0,0,10275000
P062,P062_full_cash,job_loss_6m,1,below_emergency_reserve,275000,0,0,10275000
P062,P062_full_cash,market_crash,1,below_emergency_reserve,275000,0,0,10275000
P062,P062_full_cash,medical_emergency,1,below_emergency_reserve,275000,0,0,10275000
P062,P062_full_cash,rate_hike,1,below_emergency_reserve,275000,0,0,10275000
P062,P062_full_cash,compound_shock,1,below_emergency_reserve,275000,0,0,10275000
P062,P062_high_down_payment,baseline,1,below_emergency_reserve,230883,201583,4992273,5440193
P062,P062_high_down_payment,job_loss_6m,1,below_emergency_reserve,230883,201583,4992273,5440193
P062,P062_high_down_payment,market_crash,1,below_emergency_reserve,230883,201583,4992273,5440193
P062,P062_high_down_payment,medical_emergency,1,below_emergency_reserve,230883,201583,4992273,5440193
P062,P062_high_down_payment,rate_hike,1,below_emergency_reserve,230883,201583,4992273,5440193
P062,P062_high_down_payment,compound_shock,1,below_emergency_reserve,230883,201583,4992273,5440193
P062,P062_balanced_hybrid,baseline,1,below_emergency_reserve,211602,2721375,7493421,5439556
P062,P062_balanced_hybrid,job_loss_6m,1,below_emergency_reserve,211602,2721375,7493421,5439556
P062,P062_balanced_hybrid,market_crash,1,below_emergency_reserve,211602,2721375,7493421,5439556
P062,P062_balanced_hybrid,medical_emergency,1,below_emergency_reserve,211602,2721375,7493421,5439556
P062,P062_balanced_hybrid,rate_hike,1,below_emergency_reserve,211602,2721375,7493421,5439556
P062,P062_balanced_hybrid,compound_shock,1,below_emergency_reserve,211602,2721375,7493421,5439556
P062,P062_delay_build,baseline,1,below_emergency_reserve,1517559,3930875,6500000,-1051566
P062,P062_delay_build,job_loss_6m,1,below_emergency_reserve,1517559,3930875,6500000,-1051566
P062,P062_delay_build,market_crash,1,below_emergency_reserve,1517559,3930875,6500000,-1051566
P062,P062_delay_build,medical_emergency,1,below_emergency_reserve,1517559,3930875,6500000,-1051566
P062,P062_delay_build,rate_hike,1,below_emergency_reserve,1517559,3930875,6500000,-1051566
P062,P062_delay_build,compound_shock,1,below_emergency_reserve,1517559,3930875,6500000,-1051566
P063,P063_full_cash,baseline,19,below_emergency_reserve,488000,4107570,0,14595570
P063,P063_full_cash,job_loss_6m,19,below_emergency_reserve,152000,3083430,0,13235430
P063,P063_full_cash,market_crash,19,below_emergency_reserve,488000,2875299,0,13363299
P063,P063_full_cash,medical_emergency,19,below_emergency_reserve,152000,3588430,0,13740430
P063,P063_full_cash,rate_hike,19,below_emergency_reserve,488000,4107570,0,14595570
P063,P063_full_cash,compound_shock,19,below_emergency_reserve,0,1022181,0,11022181
P063,P063_high_down_payment,baseline,,no_breach,,,,
P063,P063_high_down_payment,job_loss_6m,13,emi_affordability_limit,8776588,3869517,5000000,7646105
P063,P063_high_down_payment,market_crash,,no_breach,,,,
P063,P063_high_down_payment,medical_emergency,,no_breach,,,,
P063,P063_high_down_payment,rate_hike,,no_breach,,,,
P063,P063_high_down_payment,compound_shock,13,emi_affordability_limit,8791588,2515186,5000000,6306774
P063,P063_balanced_hybrid,baseline,,no_breach,,,,
P063,P063_balanced_hybrid,job_loss_6m,13,emi_affordability_limit,8526097,3869517,7500000,4895614
P063,P063_balanced_hybrid,market_crash,,no_breach,,,,
P063,P063_balanced_hybrid,medical_emergency,,no_breach,,,,
P063,P063_balanced_hybrid,rate_hike,,no_breach,,,,
P063,P063_balanced_hybrid,compound_shock,13,emi_affordability_limit,8541097,2515186,7500000,3556283
P063,P063_delay_build,baseline,,no_breach,,,,
P063,P063_delay_build,job_loss_6m,13,emi_affordability_limit,8604264,3869517,6500000,5973782
P063,P063_delay_build,market_crash,,no_breach,,,,
P063,P063_delay_build,medical_emergency,,no_breach,,,,
P063,P063_delay_build,rate_hike,,no_breach,,,,
P063,P063_delay_build,compound_shock,13,emi_affordability_limit,8619264,2515186,6500000,4634451
P064,P064_full_cash,baseline,1,below_emergency_reserve,235000,6249083,0,16484083
P064,P064_full_cash,job_loss_6m,1,below_emergency_reserve,235000,6249083,0,16484083
P064,P064_full_cash,market_crash,1,below_emergency_reserve,235000,6249083,0,16484083
P064,P064_full_cash,medical_emergency,1,below_emergency_reserve,235000,6249083,0,16484083
P064,P064_full_cash,rate_hike,1,below_emergency_reserve,235000,6249083,0,16484083
P064,P064_full_cash,compound_shock,1,below_emergency_reserve,235000,6249083,0,16484083
P064,P064_high_down_payment,baseline,1,below_emergency_reserve,1690883,9776792,4992273,16475402
P064,P064_high_down_payment,job_loss_6m,1,below_emergency_reserve,1690883,9776792,4992273,16475402
P064,P064_high_down_payment,market_crash,1,below_emergency_reserve,1690883,9776792,4992273,16475402
P064,P064_high_down_payment,medical_emergency,1,below_emergency_reserve,1690883,9776792,4992273,16475402
P064,P064_high_down_payment,rate_hike,1,below_emergency_reserve,1690883,9776792,4992273,16475402
P064,P064_high_down_payment,compound_shock,1,below_emergency_reserve,1690883,9776792,4992273,16475402
P064,P064_balanced_hybrid,baseline,,no_breach,,,,
P064,P064_balanced_hybrid,job_loss_6m,13,emi_affordability_limit,5896426,10747115,7410470,19233071
P064,P064_balanced_hybrid,market_crash,,no_breach,,,,
P064,P064_balanced_hybrid,medical_emergency,,no_breach,,,,
P064,P064_balanced_hybrid,rate_hike,,no_breach,,,,
P064,P064_balanced_hybrid,compound_shock,13,emi_affordability_limit,5918926,6985625,7410470,15494081
P064,P064_delay_build,baseline,,no_breach,,,,
P064,P064_delay_build,job_loss_6m,13,emi_affordability_limit,8470764,10747115,6500000,12717879
P064,P064_delay_build,market_crash,,no_breach,,,,
P064,P064_delay_build,medical_emergency,,no_breach,,,,
P064,P064_delay_build,rate_hike,,no_breach,,,,
P064,P064_delay_build,compound_shock,13,emi_affordability_limit,8493264,6985625,6500000,8978889
P065,P065_full_cash,baseline,1,below_emergency_reserve,1080000,2116625,0,3196625
P065,P065_full_cash,job_loss_6m,1,below_emergency_reserve,1080000,2116625,0,3196625
P065,P065_full_cash,market_crash,1,below_emergency_reserve,1080000,2116625,0,3196625
P065,P065_full_cash,medical_emergency,1,below_emergency_reserve,1080000,2116625,0,3196625
P065,P065_full_cash,rate_hike,1,below_emergency_reserve,1080000,2116625,0,3196625
P065,P065_full_cash,compound_shock,1,below_emergency_reserve,1080000,2116625,0,3196625
P065,P065_high_down_payment,baseline,1,below_emergency_reserve,1035814,2116625,5000000,-1847561
P065,P065_high_down_payment,job_loss_6m,1,below_emergency_reserve,1035814,2116625,5000000,-1847561
P065,P065_high_down_payment,market_crash,1,below_emergency_reserve,1035814,2116625,5000000,-1847561
P065,P065_high_down_payment,medical_emergency,1,below_emergency_reserve,1035814,2116625,5000000,-1847561
P065,P065_high_down_payment,rate_hike,1,below_emergency_reserve,1035814,2116625,5000000,-1847561
P065,P065_high_down_payment,compound_shock,1,below_emergency_reserve,1035814,2116625,5000000,-1847561
P065,P065_balanced_hybrid,baseline,1,below_emergency_reserve,1016546,2116625,7500000,-4366829
P065,P065_balanced_hybrid,job_loss_6m,1,below_emergency_reserve,1016546,2116625,7500000,-4366829
P065,P065_balanced_hybrid,market_crash,1,below_emergency_reserve,1016546,2116625,7500000,-4366829
P065,P065_balanced_hybrid,medical_emergency,1,below_emergency_reserve,1016546,2116625,7500000,-4366829
P065,P065_balanced_hybrid,rate_hike,1,below_emergency_reserve,1016546,2116625,7500000,-4366829
P065,P065_balanced_hybrid,compound_shock,1,below_emergency_reserve,1016546,2116625,7500000,-4366829
P065,P065_delay_build,baseline,1,below_emergency_reserve,1022559,2116625,6500000,-3360816
P065,P065_delay_build,job_loss_6m,1,below_emergency_reserve,1022559,2116625,6500000,-3360816
P065,P065_delay_build,market_crash,1,below_emergency_reserve,1022559,2116625,6500000,-3360816
P065,P065_delay_build,medical_emergency,1,below_emergency_reserve,1022559,2116625,6500000,-3360816
P065,P065_delay_build,rate_hike,1,below_emergency_reserve,1022559,2116625,6500000,-3360816
P065,P065_delay_build,compound_shock,1,below_emergency_reserve,1022559,2116625,6500000,-3360816
P066,P066_full_cash,baseline,7,below_emergency_reserve,365000,1573681,0,11938681
P066,P066_full_cash,job_loss_6m,7,below_emergency_reserve,365000,1573681,0,11938681
P066,P066_full_cash,market_crash,7,below_emergency_reserve,365000,1573681,0,11938681
P066,P066_full_cash,medical_emergency,7,below_emergency_reserve,365000,1573681,0,11938681
P066,P066_full_cash,rate_hike,7,below_emergency_reserve,365000,1573681,0,11938681
P066,P066_full_cash,compound_shock,7,below_emergency_reserve,365000,1573681,0,11938681
P066,P066_high_down_payment,baseline,7,below_emergency_reserve,745770,5917802,4992273,11671299
P066,P066_high_down_payment,job_loss_6m,7,below_emergency_reserve,745770,5917802,4992273,11671299
P066,P066_high_down_payment,market_crash,7,below_emergency_reserve,745770,5917802,4992273,11671299
P066,P066_high_down_payment,medical_emergency,7,below_emergency_reserve,745770,5917802,4992273,11671299
P066,P066_high_down_payment,rate_hike,7,below_emergency_reserve,745770,5917802,4992273,11671299
P066,P066_high_down_payment,compound_shock,7,below_emergency_reserve,745770,5917802,4992273,11671299
P066,P066_balanced_hybrid,baseline,,no_breach,,,,
P066,P066_balanced_hybrid,job_loss_6m,13,emi_affordability_limit,4449179,6204520,7452885,13200814
P066,P066_balanced_hybrid,market_crash,,no_breach,,,,
P066,P066_balanced_hybrid,medical_emergency,,no_breach,,,,
P066,P066_balanced_hybrid,rate_hike,,no_breach,,,,
P066,P066_balanced_hybrid,compound_shock,,no_breach,,,,
P066,P066_delay_build,baseline,,no_breach,,,,
P066,P066_delay_build,job_loss_6m,,no_breach,,,,
P066,P066_delay_build,market_crash,,no_breach,,,,
P066,P066_delay_build,medical_emergency,,no_breach,,,,
P066,P066_delay_build,rate_hike,,no_breach,,,,
P066,P066_delay_build,compound_shock,,no_breach,,,,
P067,P067_full_cash,baseline,13,below_emergency_reserve,227000,3881250,0,14108250
P067,P067_full_cash,job_loss_6m,13,below_emergency_reserve,0,3770750,0,13770750
P067,P067_full_cash,market_crash,13,below_emergency_reserve,227000,2451994,0,12678994
P067,P067_full_cash,medical_emergency,13,below_emergency_reserve,227000,3881250,0,14108250
P067,P067_full_cash,rate_hike,13,below_emergency_reserve,227000,3881250,0,14108250
P067,P067_full_cash,compound_shock,13,below_emergency_reserve,0,2125785,0,12125785
P067,P067_high_down_payment,baseline,,no_breach,,,,
P067,P067_high_down_payment,job_loss_6m,13,emi_affordability_limit,3439156,4764185,4992273,13211068
P067,P067_high_down_payment,market_crash,,no_breach,,,,
P067,P067_high_down_payment,medical_emergency,,no_breach,,,,
P067,P067_high_down_payment,rate_hike,,no_breach,,,,
P067,P067_high_down_payment,compound_shock,13,emi_affordability_limit,3461656,3096720,4992273,11566104
P067,P067_balanced_hybrid,baseline,,no_breach,,,,
P067,P067_balanced_hybrid,job_loss_6m,13,emi_affordability_limit,5688652,4764185,7493421,12959416
P067,P067_balanced_hybrid,market_crash,,no_breach,,,,
P067,P067_balanced_hybrid,medical_emergency,,no_breach,,,,
P067,P067_balanced_hybrid,rate_hike,,no_breach,,,,
P067,P067_balanced_hybrid,compound_shock,13,emi_affordability_limit,5711152,3096720,7493421,11314451
P067,P067_delay_build,baseline,,no_breach,,,,
P067,P067_delay_build,job_loss_6m,13,emi_affordability_limit,8266764,4764185,6500000,6530949
P067,P067_delay_build,market_crash,,no_breach,,,,
P067,P067_delay_build,medical_emergency,,no_breach,,,,
P067,P067_delay_build,rate_hike,,no_breach,,,,
P067,P067_delay_build,compound_shock,13,emi_affordability_limit,8289264,3096720,6500000,4885985
P068,P068_full_cash,baseline,1,below_emergency_reserve,152000,0,0,10152000
P068,P068_full_cash,job_loss_6m,1,below_emergency_reserve,152000,0,0,10152000
P068,P068_full_cash,market_crash,1,below_emergency_reserve,152000,0,0,10152000
P068,P068_full_cash,medical_emergency,1,below_emergency_reserve,152000,0,0,10152000
P068,P068_full_cash,rate_hike,1,below_emergency_reserve,152000,0,0,10152000
P068,P068_full_cash,compound_shock,1,below_emergency_reserve,152000,0,0,10152000
P068,P068_high_down_payment,baseline,,no_breach,,,,
P068,P068_high_down_payment,job_loss_6m,13,emi_affordability_limit,2573782,3877825,4895032,11556575
P068,P068_high_down_payment,market_crash,,no_breach,,,,
P068,P068_high_down_payment,medical_emergency,,no_breach,,,,
P068,P068_high_down_payment,rate_hike,,no_breach,,,,
P068,P068_high_down_payment,compound_shock,13,emi_affordability_limit,2589282,2520586,4895032,10214837
P068,P068_balanced_hybrid,baseline,,no_breach,,,,
P068,P068_balanced_hybrid,job_loss_6m,13,emi_affordability_limit,4822426,3877825,7410470,11289782
P068,P068_balanced_hybrid,market_crash,,no_breach,,,,
P068,P068_balanced_hybrid,medical_emergency,,no_breach,,,,
P068,P068_balanced_hybrid,rate_hike,,no_breach,,,,
P068,P068_balanced_hybrid,compound_shock,13,emi_affordability_limit,4837926,2520586,7410470,9948043
P068,P068_delay_build,baseline,,no_breach,,,,
P068,P068_delay_build,job_loss_6m,13,emi_affordability_limit,7396764,3877825,6500000,4774589
P068,P068_delay_build,market_crash,,no_breach,,,,
P068,P068_delay_build,medical_emergency,,no_breach,,,,
P068,P068_delay_build,rate_hike,,no_breach,,,,
P068,P068_delay_build,compound_shock,13,emi_affordability_limit,7412264,2520586,6500000,3432851
P069,P069_full_cash,baseline,19,below_emergency_reserve,2265000,9873857,0,22138857
P069,P069_full_cash,job_loss_6m,19,below_emergency_reserve,235000,8971772,0,19206772
P069,P069_full_cash,market_crash,19,below_emergency_reserve,2265000,6911700,0,19176700
P069,P069_full_cash,medical_emergency,19,below_emergency_reserve,1415000,9873857,0,21288857
P069,P069_full_cash,rate_hike,19,below_emergency_reserve,2265000,9873857,0,22138857
P069,P069_full_cash,compound_shock,19,below_emergency_reserve,0,4837320,0,14837320
P069,P069_high_down_payment,baseline,,no_breach,,,,
P069,P069_high_down_payment,job_loss_6m,19,below_emergency_reserve,3500543,9873857,4992273,18382127
P069,P069_high_down_payment,market_crash,,no_breach,,,,
P069,P069_high_down_payment,medical_emergency,,no_breach,,,,
P069,P069_high_down_payment,rate_hike,,no_breach,,,,
P069,P069_high_down_payment,compound_shock,19,below_emergency_reserve,2566054,6418007,4993626,13990435
P069,P069_balanced_hybrid,baseline,,no_breach,,,,
P069,P069_balanced_hybrid,job_loss_6m,13,emi_affordability_limit,9542597,9417575,7500000,11460171
P069,P069_balanced_hybrid,market_crash,,no_breach,,,,
P069,P069_balanced_hybrid,medical_emergency,,no_breach,,,,
P069,P069_balanced_hybrid,rate_hike,,no_breach,,,,
P069,P069_balanced_hybrid,compound_shock,,no_breach,,,,
P069,P069_delay_build,baseline,,no_breach,,,,
P069,P069_delay_build,job_loss_6m,,no_breach,,,,
P069,P069_delay_build,market_crash,,no_breach,,,,
P069,P069_delay_build,medical_emergency,,no_breach,,,,
P069,P069_delay_build,rate_hike,,no_breach,,,,
P069,P069_delay_build,compound_shock,,no_breach,,,,
P070,P070_full_cash,baseline,7,below_emergency_reserve,210000,4235518,0,14445518
P070,P070_full_cash,job_loss_6m,7,below_emergency_reserve,210000,4235518,0,14445518
P070,P070_full_cash,market_crash,7,below_emergency_reserve,210000,4235518,0,14445518
P070,P070_full_cash,medical_emergency,7,below_emergency_reserve,210000,4235518,0,14445518
P070,P070_full_cash,rate_hike,7,below_emergency_reserve,210000,4235518,0,14445518
P070,P070_full_cash,compound_shock,7,below_emergency_reserve,210000,4235518,0,14445518
P070,P070_high_down_payment,baseline,,no_breach,,,,
P070,P070_high_down_payment,job_loss_6m,,no_breach,,,,
P070,P070_high_down_payment,market_crash,,no_breach,,,,
P070,P070_high_down_payment,medical_emergency,,no_breach,,,,
P070,P070_high_down_payment,rate_hike,,no_breach,,,,
P070,P070_high_down_payment,compound_shock,17,below_emergency_reserve,2933608,3716225,4926815,11723018
P070,P070_balanced_hybrid,baseline,,no_breach,,,,
P070,P070_balanced_hybrid,job_loss_6m,13,emi_affordability_limit,6694179,5539750,7452885,14781044
P070,P070_balanced_hybrid,market_crash,,no_breach,,,,
P070,P070_balanced_hybrid,medical_emergency,,no_breach,,,,
P070,P070_balanced_hybrid,rate_hike,,no_breach,,,,
P070,P070_balanced_hybrid,compound_shock,13,emi_affordability_limit,6721679,3600837,7452885,12869631
P070,P070_delay_build,baseline,,no_breach,,,,
P070,P070_delay_build,job_loss_6m,13,emi_affordability_limit,9270764,5539750,6500000,8310514
P070,P070_delay_build,market_crash,,no_breach,,,,
P070,P070_delay_build,medical_emergency,,no_breach,,,,
P070,P070_delay_build,rate_hike,,no_breach,,,,
P070,P070_delay_build,compound_shock,15,emi_affordability_limit,8827016,3658076,6500000,5985093
P071,P071_full_cash,baseline,19,below_emergency_reserve,77000,2708805,0,12785805
P071,P071_full_cash,job_loss_6m,19,below_emergency_reserve,77000,1892392,0,11969392
P071,P071_full_cash,market_crash,19,below_emergency_reserve,77000,1105755,0,11182755
P071,P071_full_cash,medical_emergency,19,below_emergency_reserve,77000,1852076,0,11929076
P071,P071_full_cash,rate_hike,19,below_emergency_reserve,77000,2708805,0,12785805
P071,P071_full_cash,compound_shock,19,insufficient_funds,-49000,0,0,9951000
P071,P071_high_down_payment,baseline,,no_breach,,,,
P071,P071_high_down_payment,job_loss_6m,13,emi_affordability_limit,6291588,5096570,5000000,6388158
P071,P071_high_down_payment,market_crash,,no_breach,,,,
P071,P071_high_down_payment,medical_emergency,19,below_emergency_reserve,773543,5343499,4992273,11124769
P071,P071_high_down_payment,rate_hike,,no_breach,,,,
P071,P071_high_down_payment,compound_shock,13,emi_affordability_limit,6300588,3312770,5000000,4613358
P071,P071_balanced_hybrid,baseline,1,emi_affordability_limit,6013546,4636417,7500000,3149963
P071,P071_balanced_hybrid,job_loss_6m,1,emi_affordability_limit,6013546,4636417,7500000,3149963
P071,P071_balanced_hybrid,market_crash,1,emi_affordability_limit,6013546,4636417,7500000,3149963
P071,P071_balanced_hybrid,medical_emergency,1,emi_affordability_limit,6013546,4636417,7500000,3149963
P071,P071_balanced_hybrid,rate_hike,1,emi_affordability_limit,6013546,4636417,7500000,3149963
P071,P071_balanced_hybrid,compound_shock,1,emi_affordability_limit,6013546,4636417,7500000,3149963
P071,P071_delay_build,baseline,,no_breach,,,,
P071,P071_delay_build,job_loss_6m,13,emi_affordability_limit,6119264,5096570,6500000,4715834
P071,P071_delay_build,market_crash,,no_breach,,,,
P071,P071_delay_build,medical_emergency,,no_breach,,,,
P071,P071_delay_build,rate_hike,15,emi_affordability_limit,6284833,5177585,6500000,4962418
P071,P071_delay_build,compound_shock,13,emi_affordability_limit,6128264,3312770,6500000,2941035
P072,P072_full_cash,baseline,1,below_emergency_reserve,60000,0,0,10060000
P072,P072_full_cash,job_loss_6m,1,below_emergency_reserve,60000,0,0,10060000
P072,P072_full_cash,market_crash,1,below_emergency_reserve,60000,0,0,10060000
P072,P072_full_cash,medical_emergency,1,below_emergency_reserve,60000,0,0,10060000
P072,P072_full_cash,rate_hike,1,below_emergency_reserve,60000,0,0,10060000
P072,P072_full_cash,compound_shock,1,below_emergency_reserve,60000,0,0,10060000
P072,P072_high_down_payment,baseline,1,below_emergency_reserve,15883,604750,4992273,5628360
P072,P072_high_down_payment,job_loss_6m,1,below_emergency_reserve,15883,604750,4992273,5628360
P072,P072_high_down_payment,market_crash,1,below_emergency_reserve,15883,604750,4992273,5628360
P072,P072_high_down_payment,medical_emergency,1,below_emergency_reserve,15883,604750,4992273,5628360
P072,P072_high_down_payment,rate_hike,1,below_emergency_reserve,15883,604750,4992273,5628360
P072,P072_high_down_payment,compound_shock,1,below_emergency_reserve,15883,604750,4992273,5628360
P072,P072_balanced_hybrid,baseline,1,below_emergency_reserve,1396602,1713458,7493421,5616639
P072,P072_balanced_hybrid,job_loss_6m,1,below_emergency_reserve,1396602,1713458,7493421,5616639
P072,P072_balanced_hybrid,market_crash,1,below_emergency_reserve,1396602,1713458,7493421,5616639
P072,P072_balanced_hybrid,medical_emergency,1,below_emergency_reserve,1396602,1713458,7493421,5616639
P072,P072_balanced_hybrid,rate_hike,1,below_emergency_reserve,1396602,1713458,7493421,5616639
P072,P072_balanced_hybrid,compound_shock,1,below_emergency_reserve,1396602,1713458,7493421,5616639
P072,P072_delay_build,baseline,25,below_emergency_reserve,464059,2070449,6489955,6044553
P072,P072_delay_build,job_loss_6m,13,emi_affordability_limit,3738264,1883515,6500000,-878221
P072,P072_delay_build,market_crash,25,below_emergency_reserve,464059,1449314,6489955,5423419
P072,P072_delay_build,medical_emergency,25,below_emergency_reserve,2648,1678784,6489955,5191477
P072,P072_delay_build,rate_hike,25,below_emergency_reserve,370013,2070449,6492239,5948223
P072,P072_delay_build,compound_shock,13,emi_affordability_limit,3751264,1224285,6500000,-1524451
P073,P073_full_cash,baseline,13,below_emergency_reserve,137000,4389948,0,14526948
P073,P073_full_cash,job_loss_6m,13,below_emergency_reserve,0,4331948,0,14331948
P073,P073_full_cash,market_crash,13,below_emergency_reserve,137000,2060291,0,12197291
P073,P073_full_cash,medical_emergency,13,below_emergency_reserve,137000,4389948,0,14526948
P073,P073_full_cash,rate_hike,13,below_emergency_reserve,137000,4389948,0,14526948
P073,P073_full_cash,compound_shock,13,below_emergency_reserve,0,1627014,0,11627014
P073,P073_high_down_payment,baseline,13,below_emergency_reserve,1206656,7765525,4992273,13979908
P073,P073_high_down_payment,job_loss_6m,13,below_emergency_reserve,1011656,7765525,4992273,13784908
P073,P073_high_down_payment,market_crash,13,below_emergency_reserve,1206656,5435867,4992273,11650251
P073,P073_high_down_payment,medical_emergency,13,below_emergency_reserve,1206656,7765525,4992273,13979908
P073,P073_high_down_payment,rate_hike,13,below_emergency_reserve,1206656,7765525,4992273,13979908
P073,P073_high_down_payment,compound_shock,13,below_emergency_reserve,1024656,5047591,4992273,11079975
P073,P073_balanced_hybrid,baseline,,no_breach,,,,
P073,P073_balanced_hybrid,job_loss_6m,13,emi_affordability_limit,3261152,7765525,7493421,13533256
P073,P073_balanced_hybrid,market_crash,,no_breach,,,,
P073,P073_balanced_hybrid,medical_emergency,,no_breach,,,,
P073,P073_balanced_hybrid,rate_hike,15,emi_affordability_limit,3592898,7856387,7485841,13963444
P073,P073_balanced_hybrid,compound_shock,13,emi_affordability_limit,3274152,5047591,7493421,10828322
P073,P073_delay_build,baseline,,no_breach,,,,
P073,P073_delay_build,job_loss_6m,13,emi_affordability_limit,5839264,7765525,6500000,7104789
P073,P073_delay_build,market_crash,,no_breach,,,,
P073,P073_delay_build,medical_emergency,,no_breach,,,,
P073,P073_delay_build,rate_hike,15,emi_affordability_limit,6184833,7856387,6500000,7541220
P073,P073_delay_build,compound_shock,13,emi_affordability_limit,5852264,5047591,6500000,4399856
P074,P074_full_cash,baseline,7,below_emergency_reserve,175000,0,0,10175000
P074,P074_full_cash,job_loss_6m,7,below_emergency_reserve,175000,0,0,10175000
P074,P074_full_cash,market_crash,7,below_emergency_reserve,175000,0,0,10175000
P074,P074_full_cash,medical_emergency,7,below_emergency_reserve,175000,0,0,10175000
P074,P074_full_cash,rate_hike,7,below_emergency_reserve,175000,0,0,10175000
P074,P074_full_cash,compound_shock,7,below_emergency_reserve,175000,0,0,10175000
P074,P074_high_down_payment,baseline,7,below_emergency_reserve,130883,2297652,4992273,7436262
P074,P074_high_down_payment,job_loss_6m,7,below_emergency_reserve,130883,2297652,4992273,7436262
P074,P074_high_down_payment,market_crash,7,below_emergency_reserve,130883,2297652,4992273,7436262
P074,P074_high_down_payment,medical_emergency,7,below_emergency_reserve,130883,2297652,4992273,7436262
P074,P074_high_down_payment,rate_hike,7,below_emergency_reserve,130883,2297652,4992273,7436262
P074,P074_high_down_payment,compound_shock,7,below_emergency_reserve,130883,2297652,4992273,7436262
P074,P074_balanced_hybrid,baseline,7,below_emergency_reserve,1880877,2916354,7493421,7303810
P074,P074_balanced_hybrid,job_loss_6m,7,below_emergency_reserve,1880877,2916354,7493421,7303810
P074,P074_balanced_hybrid,market_crash,7,below_emergency_reserve,1880877,2916354,7493421,7303810
P074,P074_balanced_hybrid,medical_emergency,7,below_emergency_reserve,1880877,2916354,7493421,7303810
P074,P074_balanced_hybrid,rate_hike,7,below_emergency_reserve,1880877,2916354,7493421,7303810
P074,P074_balanced_hybrid,compound_shock,7,below_emergency_reserve,1880877,2916354,7493421,7303810
P074,P074_delay_build,baseline,,no_breach,,,,
P074,P074_delay_build,job_loss_6m,13,emi_affordability_limit,4843264,3019926,6500000,1363191
P074,P074_delay_build,market_crash,,no_breach,,,,
P074,P074_delay_build,medical_emergency,,no_breach,,,,
P074,P074_delay_build,rate_hike,,no_breach,,,,
P074,P074_delay_build,compound_shock,13,emi_affordability_limit,4862264,1962952,6500000,325217
P075,P075_full_cash,baseline,25,below_emergency_reserve,375000,4506272,0,14881272
P075,P075_full_cash,job_loss_6m,25,below_emergency_reserve,235000,2243499,0,12478499
P075,P075_full_cash,market_crash,25,below_emergency_reserve,375000,3154390,0,13529390
P075,P075_full_cash,medical_emergency,25,below_emergency_reserve,235000,3790651,0,14025651
P075,P075_full_cash,rate_hike,25,below_emergency_reserve,375000,4506272,0,14881272
P075,P075_full_cash,compound_shock,25,below_emergency_reserve,235000,0,0,10235000
P075,P075_high_down_payment,baseline,,no_breach,,,,
P075,P075_high_down_payment,job_loss_6m,25,below_emergency_reserve,1885430,4506272,4992273,11399429
P075,P075_high_down_payment,market_crash,,no_breach,,,,
P075,P075_high_down_payment,medical_emergency,,no_breach,,,,
P075,P075_high_down_payment,rate_hike,,no_breach,,,,
P075,P075_high_down_payment,compound_shock,25,below_emergency_reserve,598561,2929077,4993626,8534012
P075,P075_balanced_hybrid,baseline,,no_breach,,,,
P075,P075_balanced_hybrid,job_loss_6m,13,emi_affordability_limit,6332597,4099415,7500000,2932011
P075,P075_balanced_hybrid,market_crash,,no_breach,,,,
P075,P075_balanced_hybrid,medical_emergency,,no_breach,,,,
P075,P075_balanced_hybrid,rate_hike,,no_breach,,,,
P075,P075_balanced_hybrid,compound_shock,13,emi_affordability_limit,6359097,2664620,7500000,1523716
P075,P075_delay_build,baseline,,no_breach,,,,
P075,P075_delay_build,job_loss_6m,13,emi_affordability_limit,6410764,4099415,6500000,4010179
P075,P075_delay_build,market_crash,,no_breach,,,,
P075,P075_delay_build,medical_emergency,,no_breach,,,,
P075,P075_delay_build,rate_hike,,no_breach,,,,
P075,P075_delay_build,compound_shock,15,emi_affordability_limit,6044016,2706976,6500000,2250993
P076,P076_full_cash,baseline,1,below_emergency_reserve,1673000,3930875,0,5603875
P076,P076_full_cash,job_loss_6m,1,below_emergency_reserve,1673000,3930875,0,5603875
P076,P076_full_cash,market_crash,1,below_emergency_reserve,1673000,3930875,0,5603875
P076,P076_full_cash,medical_emergency,1,below_emergency_reserve,1673000,3930875,0,5603875
P076,P076_full_cash,rate_hike,1,below_emergency_reserve,1673000,3930875,0,5603875
P076,P076_full_cash,compound_shock,1,below_emergency_reserve,1673000,3930875,0,5603875
P076,P076_high_down_payment,baseline,1,below_emergency_reserve,1628814,3930875,5000000,559689
P076,P076_high_down_payment,job_loss_6m,1,below_emergency_reserve,1628814,3930875,5000000,559689
P076,P076_high_down_payment,market_crash,1,below_emergency_reserve,1628814,3930875,5000000,559689
P076,P076_high_down_payment,medical_emergency,1,below_emergency_reserve,1628814,3930875,5000000,559689
P076,P076_high_down_payment,rate_hike,1,below_emergency_reserve,1628814,3930875,5000000,559689
P076,P076_high_down_payment,compound_shock,1,below_emergency_reserve,1628814,3930875,5000000,559689
P076,P076_balanced_hybrid,baseline,1,below_emergency_reserve,1609546,3930875,7500000,-1959579
P076,P076_balanced_hybrid,job_loss_6m,1,below_emergency_reserve,1609546,3930875,7500000,-1959579
P076,P076_balanced_hybrid,market_crash,1,below_emergency_reserve,1609546,3930875,7500000,-1959579
P076,P076_balanced_hybrid,medical_emergency,1,below_emergency_reserve,1609546,3930875,7500000,-1959579
P076,P076_balanced_hybrid,rate_hike,1,below_emergency_reserve,1609546,3930875,7500000,-1959579
P076,P076_balanced_hybrid,compound_shock,1,below_emergency_reserve,1609546,3930875,7500000,-1959579
P076,P076_delay_build,baseline,1,below_emergency_reserve,1615559,3930875,6500000,-953566
P076,P076_delay_build,job_loss_6m,1,below_emergency_reserve,1615559,3930875,6500000,-953566
P076,P076_delay_build,market_crash,1,below_emergency_reserve,1615559,3930875,6500000,-953566
P076,P076_delay_build,medical_emergency,1,below_emergency_reserve,1615559,3930875,6500000,-953566
P076,P076_delay_build,rate_hike,1,below_emergency_reserve,1615559,3930875,6500000,-953566
P076,P076_delay_build,compound_shock,1,below_emergency_reserve,1615559,3930875,6500000,-953566
P077,P077_full_cash,baseline,13,below_emergency_reserve,175000,0,0,10175000
P077,P077_full_cash,job_loss_6m,13,insufficient_funds,-80000,0,0,9920000
P077,P077_full_cash,market_crash,13,below_emergency_reserve,175000,0,0,10175000
P077,P077_full_cash,medical_emergency,13,below_emergency_reserve,175000,0,0,10175000
P077,P077_full_cash,rate_hike,13,below_emergency_reserve,175000,0,0,10175000
P077,P077_full_cash,compound_shock,13,insufficient_funds,-63000,0,0,9937000
P077,P077_high_down_payment,baseline,,no_breach,,,,
P077,P077_high_down_payment,job_loss_6m,13,emi_affordability_limit,1545656,886360,4992273,7439743
P077,P077_high_down_payment,market_crash,,no_breach,,,,
P077,P077_high_down_payment,medical_emergency,,no_breach,,,,
P077,P077_high_down_payment,rate_hike,,no_breach,,,,
P077,P077_high_down_payment,compound_shock,13,emi_affordability_limit,1562656,576134,4992273,7146518
P077,P077_balanced_hybrid,baseline,,no_breach,,,,
P077,P077_balanced_hybrid,job_loss_6m,13,emi_affordability_limit,3795152,886360,7493421,7188091
P077,P077_balanced_hybrid,market_crash,,no_breach,,,,
P077,P077_balanced_hybrid,medical_emergency,,no_breach,,,,
P077,P077_balanced_hybrid,rate_hike,,no_breach,,,,
P077,P077_balanced_hybrid,compound_shock,13,emi_affordability_limit,3812152,576134,7493421,6894865
P077,P077_delay_build,baseline,,no_breach,,,,
P077,P077_delay_build,job_loss_6m,13,emi_affordability_limit,6373264,886360,6500000,759624
P077,P077_delay_build,market_crash,,no_breach,,,,
P077,P077_delay_build,medical_emergency,,no_breach,,,,
P077,P077_delay_build,rate_hike,,no_breach,,,,
P077,P077_delay_build,compound_shock,13,emi_affordability_limit,6390264,576134,6500000,466398
P078,P078_full_cash,baseline,25,below_emergency_reserve,193000,5779334,0,15972334
P078,P078_full_cash,job_loss_6m,25,below_emergency_reserve,193000,4014096,0,14207096
P078,P078_full_cash,market_crash,25,below_emergency_reserve,193000,3662915,0,13855915
P078,P078_full_cash,medical_emergency,25,below_emergency_reserve,193000,4924376,0,15117376
P078,P078_full_cash,rate_hike,25,below_emergency_reserve,193000,5779334,0,15972334
P078,P078_full_cash,compound_shock,25,below_emergency_reserve,193000,459647,0,10652647
P078,P078_high_down_payment,baseline,,no_breach,,,,
P078,P078_high_down_payment,job_loss_6m,13,emi_affordability_limit,5742088,6579125,5000000,7321213
P078,P078_high_down_payment,market_crash,,no_breach,,,,
P078,P078_high_down_payment,medical_emergency,25,below_emergency_reserve,1970430,7054731,4992273,14032888
P078,P078_high_down_payment,rate_hike,,no_breach,,,,
P078,P078_high_down_payment,compound_shock,13,emi_affordability_limit,5761588,4276431,5000000,5038019
P078,P078_balanced_hybrid,baseline,,no_breach,,,,
P078,P078_balanced_hybrid,job_loss_6m,13,emi_affordability_limit,5491597,6579125,7500000,4570722
P078,P078_balanced_hybrid,market_crash,,no_breach,,,,
P078,P078_balanced_hybrid,medical_emergency,,no_breach,,,,
P078,P078_balanced_hybrid,rate_hike,,no_breach,,,,
P078,P078_balanced_hybrid,compound_shock,13,emi_affordability_limit,5511097,4276431,7500000,2287528
P078,P078_delay_build,baseline,,no_breach,,,,
P078,P078_delay_build,job_loss_6m,13,emi_affordability_limit,5569764,6579125,6500000,5648890
P078,P078_delay_build,market_crash,,no_breach,,,,
P078,P078_delay_build,medical_emergency,,no_breach,,,,
P078,P078_delay_build,rate_hike,,no_breach,,,,
P078,P078_delay_build,compound_shock,13,emi_affordability_limit,5589264,4276431,6500000,3365696
P079,P079_full_cash,baseline,25,below_emergency_reserve,1925000,12721645,0,24646645
P079,P079_full_cash,job_loss_6m,25,below_emergency_reserve,225000,12485275,0,22710275
P079,P079_full_cash,market_crash,25,below_emergency_reserve,1925000,8905152,0,20830152
P079,P079_full_cash,medical_emergency,25,below_emergency_reserve,1075000,12721645,0,23796645
P079,P079_full_cash,rate_hike,25,below_emergency_reserve,1925000,12721645,0,24646645
P079,P079_full_cash,compound_shock,25,below_emergency_reserve,225000,6903148,0,17128148
P079,P079_high_down_payment,baseline,,no_breach,,,,
P079,P079_high_down_payment,job_loss_6m,13,emi_affordability_limit,8328088,11863996,5000000,15192084
P079,P079_high_down_payment,market_crash,,no_breach,,,,
P079,P079_high_down_payment,medical_emergency,,no_breach,,,,
P079,P079_high_down_payment,rate_hike,,no_breach,,,,
P079,P079_high_down_payment,compound_shock,13,emi_affordability_limit,8349588,7711598,5000000,11061186
P079,P079_balanced_hybrid,baseline,,no_breach,,,,
P079,P079_balanced_hybrid,job_loss_6m,13,emi_affordability_limit,8077597,11863996,7500000,12441593
P079,P079_balanced_hybrid,market_crash,,no_breach,,,,
P079,P079_balanced_hybrid,medical_emergency,,no_breach,,,,
P079,P079_balanced_hybrid,rate_hike,,no_breach,,,,
P079,P079_balanced_hybrid,compound_shock,13,emi_affordability_limit,8099097,7711598,7500000,8310694
P079,P079_delay_build,baseline,,no_breach,,,,
P079,P079_delay_build,job_loss_6m,13,emi_affordability_limit,8155764,11863996,6500000,13519761
P079,P079_delay_build,market_crash,,no_breach,,,,
P079,P079_delay_build,medical_emergency,,no_breach,,,,
P079,P079_delay_build,rate_hike,,no_breach,,,,
P079,P079_delay_build,compound_shock,13,emi_affordability_limit,8177264,7711598,6500000,9388862
P080,P080_full_cash,baseline,13,below_emergency_reserve,210000,0,0,10210000
P080,P080_full_cash,job_loss_6m,13,insufficient_funds,-97500,0,0,9902500
P080,P080_full_cash,market_crash,13,below_emergency_reserve,210000,0,0,10210000
P080,P080_full_cash,medical_emergency,13,below_emergency_reserve,210000,0,0,10210000
P080,P080_full_cash,rate_hike,13,below_emergency_reserve,210000,0,0,10210000
P080,P080_full_cash,compound_shock,13,insufficient_funds,-77000,0,0,9923000
P080,P080_high_down_payment,baseline,13,below_emergency_reserve,1455656,997155,4992273,7460538
P080,P080_high_down_payment,job_loss_6m,13,below_emergency_reserve,1148156,997155,4992273,7153038
P080,P080_high_down_payment,market_crash,13,below_emergency_reserve,1455656,698008,4992273,7161392
P080,P080_high_down_payment,medical_emergency,13,below_emergency_reserve,1455656,997155,4992273,7460538
P080,P080_high_down_payment,rate_hike,13,below_emergency_reserve,1455656,997155,4992273,7460538
P080,P080_high_down_payment,compound_shock,13,below_emergency_reserve,1168656,648151,4992273,6824534
P080,P080_balanced_hybrid,baseline,,no_breach,,,,
P080,P080_balanced_hybrid,job_loss_6m,13,emi_affordability_limit,3397652,997155,7493421,6901386
P080,P080_balanced_hybrid,market_crash,,no_breach,,,,
P080,P080_balanced_hybrid,medical_emergency,,no_breach,,,,
P080,P080_balanced_hybrid,rate_hike,,no_breach,,,,
P080,P080_balanced_hybrid,compound_shock,13,emi_affordability_limit,3418152,648151,7493421,6572882
P080,P080_delay_build,baseline,,no_breach,,,,
P080,P080_delay_build,job_loss_6m,13,emi_affordability_limit,5975764,997155,6500000,472919
P080,P080_delay_build,market_crash,,no_breach,,,,
P080,P080_delay_build,medical_emergency,,no_breach,,,,
P080,P080_delay_build,rate_hike,,no_breach,,,,
P080,P080_delay_build,compound_shock,13,emi_affordability_limit,5996264,648151,6500000,144415
P081,P081_full_cash,baseline,13,below_emergency_reserve,614000,5804276,0,16418276
P081,P081_full_cash,job_loss_6m,13,below_emergency_reserve,336500,5804276,0,16140776
P081,P081_full_cash,market_crash,13,below_emergency_reserve,614000,4062993,0,14676993
P081,P081_full_cash,medical_emergency,13,below_emergency_reserve,614000,5804276,0,16418276
P081,P081_full_cash,rate_hike,13,below_emergency_reserve,614000,5804276,0,16418276
P081,P081_full_cash,compound_shock,13,below_emergency_reserve,355000,3772779,0,14127779
P081,P081_high_down_payment,baseline,,no_breach,,,,
P081,P081_high_down_payment,job_loss_6m,13,emi_affordability_limit,4762156,5804276,4992273,15574159
P081,P081_high_down_payment,market_crash,,no_breach,,,,
P081,P081_high_down_payment,medical_emergency,,no_breach,,,,
P081,P081_high_down_payment,rate_hike,,no_breach,,,,
P081,P081_high_down_payment,compound_shock,13,emi_affordability_limit,4780656,3772779,4992273,13561163
P081,P081_balanced_hybrid,baseline,,no_breach,,,,
P081,P081_balanced_hybrid,job_loss_6m,13,emi_affordability_limit,7011652,5804276,7493421,15322507
P081,P081_balanced_hybrid,market_crash,,no_breach,,,,
P081,P081_balanced_hybrid,medical_emergency,,no_breach,,,,
P081,P081_balanced_hybrid,rate_hike,,no_breach,,,,
P081,P081_balanced_hybrid,compound_shock,13,emi_affordability_limit,7030152,3772779,7493421,13309511
P081,P081_delay_build,baseline,,no_breach,,,,
P081,P081_delay_build,job_loss_6m,13,emi_affordability_limit,9589764,5804276,6500000,8894040
P081,P081_delay_build,market_crash,,no_breach,,,,
P081,P081_delay_build,medical_emergency,,no_breach,,,,
P081,P081_delay_build,rate_hike,,no_breach,,,,
P081,P081_delay_build,compound_shock,13,emi_affordability_limit,9608264,3772779,6500000,6881044
P082,P082_full_cash,baseline,19,below_emergency_reserve,322000,3556963,0,13878963
P082,P082_full_cash,job_loss_6m,19,below_emergency_reserve,322000,784513,0,11106513
P082,P082_full_cash,market_crash,19,below_emergency_reserve,322000,2215962,0,12537962
P082,P082_full_cash,medical_emergency,19,below_emergency_reserve,322000,2698463,0,13020463
P082,P082_full_cash,rate_hike,19,below_emergency_reserve,322000,3556963,0,13878963
P082,P082_full_cash,compound_shock,19,insufficient_funds,-105000,0,0,9895000
P082,P082_high_down_payment,baseline,,no_breach,,,,
P082,P082_high_down_payment,job_loss_6m,19,below_emergency_reserve,833543,4470003,4992273,10311273
P082,P082_high_down_payment,market_crash,,no_breach,,,,
P082,P082_high_down_payment,medical_emergency,,no_breach,,,,
P082,P082_high_down_payment,rate_hike,,no_breach,,,,
P082,P082_high_down_payment,compound_shock,19,below_emergency_reserve,0,2820556,4993626,7826930
P082,P082_balanced_hybrid,baseline,,no_breach,,,,
P082,P082_balanced_hybrid,job_loss_6m,13,emi_affordability_limit,6203597,4210945,7500000,2914542
P082,P082_balanced_hybrid,market_crash,,no_breach,,,,
P082,P082_balanced_hybrid,medical_emergency,,no_breach,,,,
P082,P082_balanced_hybrid,rate_hike,,no_breach,,,,
P082,P082_balanced_hybrid,compound_shock,,no_breach,,,,
P082,P082_delay_build,baseline,,no_breach,,,,
P082,P082_delay_build,job_loss_6m,,no_breach,,,,
P082,P082_delay_build,market_crash,,no_breach,,,,
P082,P082_delay_build,medical_emergency,,no_breach,,,,
P082,P082_delay_build,rate_hike,,no_breach,,,,
P082,P082_delay_build,compound_shock,,no_breach,,,,
P083,P083_full_cash,baseline,7,below_emergency_reserve,155000,3634714,0,13789714
P083,P083_full_cash,job_loss_6m,7,below_emergency_reserve,155000,3634714,0,13789714
P083,P083_full_cash,market_crash,7,below_emergency_reserve,155000,3634714,0,13789714
P083,P083_full_cash,medical_emergency,7,below_emergency_reserve,155000,3634714,0,13789714
P083,P083_full_cash,rate_hike,7,below_emergency_reserve,155000,3634714,0,13789714
P083,P083_full_cash,compound_shock,7,below_emergency_reserve,155000,3634714,0,13789714
P083,P083_high_down_payment,baseline,,no_breach,,,,
P083,P083_high_down_payment,job_loss_6m,13,emi_affordability_limit,2887528,6315315,4944712,14258131
P083,P083_high_down_payment,market_crash,,no_breach,,,,
P083,P083_high_down_payment,medical_emergency,,no_breach,,,,
P083,P083_high_down_payment,rate_hike,,no_breach,,,,
P083,P083_high_down_payment,compound_shock,13,emi_affordability_limit,2904528,4104955,4944712,12064771
P083,P083_balanced_hybrid,baseline,,no_breach,,,,
P083,P083_balanced_hybrid,job_loss_6m,13,emi_affordability_limit,5136679,6315315,7452885,13999109
P083,P083_balanced_hybrid,market_crash,,no_breach,,,,
P083,P083_balanced_hybrid,medical_emergency,,no_breach,,,,
P083,P083_balanced_hybrid,rate_hike,,no_breach,,,,
P083,P083_balanced_hybrid,compound_shock,13,emi_affordability_limit,5153679,4104955,7452885,11805748
P083,P083_delay_build,baseline,,no_breach,,,,
P083,P083_delay_build,job_loss_6m,13,emi_affordability_limit,7713264,6315315,6500000,7528579
P083,P083_delay_build,market_crash,,no_breach,,,,
P083,P083_delay_build,medical_emergency,,no_breach,,,,
P083,P083_delay_build,rate_hike,,no_breach,,,,
P083,P083_delay_build,compound_shock,13,emi_affordability_limit,7730264,4104955,6500000,5335219
P084,P084_full_cash,baseline,1,below_emergency_reserve,142000,7962542,0,18104542
P084,P084_full_cash,job_loss_6m,1,below_emergency_reserve,142000,7962542,0,18104542
P084,P084_full_cash,market_crash,1,below_emergency_reserve,142000,7962542,0,18104542
P084,P084_full_cash,medical_emergency,1,below_emergency_reserve,142000,7962542,0,18104542
P084,P084_full_cash,rate_hike,1,below_emergency_reserve,142000,7962542,0,18104542
P084,P084_full_cash,compound_shock,1,below_emergency_reserve,142000,7962542,0,18104542
P084,P084_high_down_payment,baseline,,no_breach,,,,
P084,P084_high_down_payment,job_loss_6m,13,emi_affordability_limit,4513782,10414730,4895032,20033480
P084,P084_high_down_payment,market_crash,,no_breach,,,,
P084,P084_high_down_payment,medical_emergency,,no_breach,,,,
P084,P084_high_down_payment,rate_hike,,no_breach,,,,
P084,P084_high_down_payment,compound_shock,13,emi_affordability_limit,4531282,6769574,4895032,16405825
P084,P084_balanced_hybrid,baseline,,no_breach,,,,
P084,P084_balanced_hybrid,job_loss_6m,13,emi_affordability_limit,6762426,10414730,7410470,19766686
P084,P084_balanced_hybrid,market_crash,,no_breach,,,,
P084,P084_balanced_hybrid,medical_emergency,,no_breach,,,,
P084,P084_balanced_hybrid,rate_hike,,no_breach,,,,
P084,P084_balanced_hybrid,compound_shock,13,emi_affordability_limit,6779926,6769574,7410470,16139031
P084,P084_delay_build,baseline,,no_breach,,,,
P084,P084_delay_build,job_loss_6m,13,emi_affordability_limit,9336764,10414730,6500000,13251494
P084,P084_delay_build,market_crash,,no_breach,,,,
P084,P084_delay_build,medical_emergency,,no_breach,,,,
P084,P084_delay_build,rate_hike,,no_breach,,,,
P084,P084_delay_build,compound_shock,13,emi_affordability_limit,9354264,6769574,6500000,9623839
P085,P085_full_cash,baseline,1,below_emergency_reserve,220000,0,0,10220000
P085,P085_full_cash,job_loss_6m,1,below_emergency_reserve,220000,0,0,10220000
P085,P085_full_cash,market_crash,1,below_emergency_reserve,220000,0,0,10220000
P085,P085_full_cash,medical_emergency,1,below_emergency_reserve,220000,0,0,10220000
P085,P085_full_cash,rate_hike,1,below_emergency_reserve,220000,0,0,10220000
P085,P085_full_cash,compound_shock,1,below_emergency_reserve,220000,0,0,10220000
P085,P085_high_down_payment,baseline,1,below_emergency_reserve,175883,0,4992273,5183610
P085,P085_high_down_payment,job_loss_6m,1,below_emergency_reserve,175883,0,4992273,5183610
P085,P085_high_down_payment,market_crash,1,below_emergency_reserve,175883,0,4992273,5183610
P085,P085_high_down_payment,medical_emergency,1,below_emergency_reserve,175883,0,4992273,5183610
P085,P085_high_down_payment,rate_hike,1,below_emergency_reserve,175883,0,4992273,5183610
P085,P085_high_down_payment,compound_shock,1,below_emergency_reserve,175883,0,4992273,5183610
P085,P085_balanced_hybrid,baseline,1,below_emergency_reserve,956602,604750,7493421,4067931
P085,P085_balanced_hybrid,job_loss_6m,1,below_emergency_reserve,956602,604750,7493421,4067931
P085,P085_balanced_hybrid,market_crash,1,below_emergency_reserve,956602,604750,7493421,4067931
P085,P085_balanced_hybrid,medical_emergency,1,below_emergency_reserve,956602,604750,7493421,4067931
P085,P085_balanced_hybrid,rate_hike,1,below_emergency_reserve,956602,604750,7493421,4067931
P085,P085_balanced_hybrid,compound_shock,1,below_emergency_reserve,956602,604750,7493421,4067931
P085,P085_delay_build,baseline,,no_breach,,,,
P085,P085_delay_build,job_loss_6m,13,emi_affordability_limit,5113264,664770,6500000,-721966
P085,P085_delay_build,market_crash,,no_breach,,,,
P085,P085_delay_build,medical_emergency,,no_breach,,,,
P085,P085_delay_build,rate_hike,,no_breach,,,,
P085,P085_delay_build,compound_shock,13,emi_affordability_limit,5133264,432100,6500000,-934635
P086,P086_full_cash,baseline,1,below_emergency_reserve,1220000,1007917,0,2227917
P086,P086_full_cash,job_loss_6m,1,below_emergency_reserve,1220000,1007917,0,2227917
P086,P086_full_cash,market_crash,1,below_emergency_reserve,1220000,1007917,0,2227917
P086,P086_full_cash,medical_emergency,1,below_emergency_reserve,1220000,1007917,0,2227917
P086,P086_full_cash,rate_hike,1,below_emergency_reserve,1220000,1007917,0,2227917
P086,P086_full_cash,compound_shock,1,below_emergency_reserve,1220000,1007917,0,2227917
P086,P086_high_down_payment,baseline,1,below_emergency_reserve,1175814,1007917,5000000,-2816269
P086,P086_high_down_payment,job_loss_6m,1,below_emergency_reserve,1175814,1007917,5000000,-2816269
P086,P086_high_down_payment,market_crash,1,below_emergency_reserve,1175814,1007917,5000000,-2816269
P086,P086_high_down_payment,medical_emergency,1,below_emergency_reserve,1175814,1007917,5000000,-2816269
P086,P086_high_down_payment,rate_hike,1,below_emergency_reserve,1175814,1007917,5000000,-2816269
P086,P086_high_down_payment,compound_shock,1,below_emergency_reserve,1175814,1007917,5000000,-2816269
P086,P086_balanced_hybrid,baseline,1,below_emergency_reserve,1156546,1007917,7500000,-5335537
P086,P086_balanced_hybrid,job_loss_6m,1,below_emergency_reserve,1156546,1007917,7500000,-5335537
P086,P086_balanced_hybrid,market_crash,1,below_emergency_reserve,1156546,1007917,7500000,-5335537
P086,P086_balanced_hybrid,medical_emergency,1,below_emergency_reserve,1156546,1007917,7500000,-5335537
P086,P086_balanced_hybrid,rate_hike,1,below_emergency_reserve,1156546,1007917,7500000,-5335537
P086,P086_balanced_hybrid,compound_shock,1,below_emergency_reserve,1156546,1007917,7500000,-5335537
P086,P086_delay_build,baseline,1,below_emergency_reserve,1162559,1007917,6500000,-4329525
P086,P086_delay_build,job_loss_6m,1,below_emergency_reserve,1162559,1007917,6500000,-4329525
P086,P086_delay_build,market_crash,1,below_emergency_reserve,1162559,1007917,6500000,-4329525
P086,P086_delay_build,medical_emergency,1,below_emergency_reserve,1162559,1007917,6500000,-4329525
P086,P086_delay_build,rate_hike,1,below_emergency_reserve,1162559,1007917,6500000,-4329525
P086,P086_delay_build,compound_shock,1,below_emergency_reserve,1162559,1007917,6500000,-4329525
P087,P087_full_cash,baseline,7,below_emergency_reserve,135000,1009988,0,11144988
P087,P087_full_cash,job_loss_6m,7,below_emergency_reserve,135000,1009988,0,11144988
P087,P087_full_cash,market_crash,7,below_emergency_reserve,135000,1009988,0,11144988
P087,P087_full_cash,medical_emergency,7,below_emergency_reserve,135000,1009988,0,11144988
P087,P087_full_cash,rate_hike,7,below_emergency_reserve,135000,1009988,0,11144988
P087,P087_full_cash,compound_shock,7,below_emergency_reserve,135000,1009988,0,11144988
P087,P087_high_down_payment,baseline,,no_breach,,,,
P087,P087_high_down_payment,job_loss_6m,13,emi_affordability_limit,4097528,2105105,4944712,11257921
P087,P087_high_down_payment,market_crash,,no_breach,,,,
P087,P087_high_down_payment,medical_emergency,,no_breach,,,,
P087,P087_high_down_payment,rate_hike,,no_breach,,,,
P087,P087_high_down_payment,compound_shock,13,emi_affordability_limit,4116528,1368318,4944712,10540135
P087,P087_balanced_hybrid,baseline,,no_breach,,,,
P087,P087_balanced_hybrid,job_loss_6m,13,emi_affordability_limit,6346679,2105105,7452885,10998899
P087,P087_balanced_hybrid,market_crash,,no_breach,,,,
P087,P087_balanced_hybrid,medical_emergency,,no_breach,,,,
P087,P087_balanced_hybrid,rate_hike,,no_breach,,,,
P087,P087_balanced_hybrid,compound_shock,13,emi_affordability_limit,6365679,1368318,7452885,10281112
P087,P087_delay_build,baseline,,no_breach,,,,
P087,P087_delay_build,job_loss_6m,13,emi_affordability_limit,8923264,2105105,6500000,4528369
P087,P087_delay_build,market_crash,,no_breach,,,,
P087,P087_delay_build,medical_emergency,,no_breach,,,,
P087,P087_delay_build,rate_hike,,no_breach,,,,
P087,P087_delay_build,compound_shock,13,emi_affordability_limit,8942264,1368318,6500000,3810583
P088,P088_full_cash,baseline,1,below_emergency_reserve,1455000,4727417,0,6182417
P088,P088_full_cash,job_loss_6m,1,below_emergency_reserve,1455000,4727417,0,6182417
P088,P088_full_cash,market_crash,1,below_emergency_reserve,1455000,4727417,0,6182417
P088,P088_full_cash,medical_emergency,1,below_emergency_reserve,1455000,4727417,0,6182417
P088,P088_full_cash,rate_hike,1,below_emergency_reserve,1455000,4727417,0,6182417
P088,P088_full_cash,compound_shock,1,below_emergency_reserve,1455000,4727417,0,6182417
P088,P088_high_down_payment,baseline,1,below_emergency_reserve,1410814,4727417,5000000,1138231
P088,P088_high_down_payment,job_loss_6m,1,below_emergency_reserve,1410814,4727417,5000000,1138231
P088,P088_high_down_payment,market_crash,1,below_emergency_reserve,1410814,4727417,5000000,1138231
P088,P088_high_down_payment,medical_emergency,1,below_emergency_reserve,1410814,4727417,5000000,1138231
P088,P088_high_down_payment,rate_hike,1,below_emergency_reserve,1410814,4727417,5000000,1138231
P088,P088_high_down_payment,compound_shock,1,below_emergency_reserve,1410814,4727417,5000000,1138231
P088,P088_balanced_hybrid,baseline,1,below_emergency_reserve,1391546,4727417,7500000,-1381037
P088,P088_balanced_hybrid,job_loss_6m,1,below_emergency_reserve,1391546,4727417,7500000,-1381037
P088,P088_balanced_hybrid,market_crash,1,below_emergency_reserve,1391546,4727417,7500000,-1381037
P088,P088_balanced_hybrid,medical_emergency,1,below_emergency_reserve,1391546,4727417,7500000,-1381037
P088,P088_balanced_hybrid,rate_hike,1,below_emergency_reserve,1391546,4727417,7500000,-1381037
P088,P088_balanced_hybrid,compound_shock,1,below_emergency_reserve,1391546,4727417,7500000,-1381037
P088,P088_delay_build,baseline,1,below_emergency_reserve,1397559,4727417,6500000,-375025
P088,P088_delay_build,job_loss_6m,1,below_emergency_reserve,1397559,4727417,6500000,-375025
P088,P088_delay_build,market_crash,1,below_emergency_reserve,1397559,4727417,6500000,-375025
P088,P088_delay_build,medical_emergency,1,below_emergency_reserve,1397559,4727417,6500000,-375025
P088,P088_delay_build,rate_hike,1,below_emergency_reserve,1397559,4727417,6500000,-375025
P088,P088_delay_build,compound_shock,1,below_emergency_reserve,1397559,4727417,6500000,-375025
P089,P089_full_cash,baseline,7,below_emergency_reserve,167000,4284228,0,14451228
P089,P089_full_cash,job_loss_6m,7,below_emergency_reserve,167000,4284228,0,14451228
P089,P089_full_cash,market_crash,7,below_emergency_reserve,167000,4284228,0,14451228
P089,P089_full_cash,medical_emergency,7,below_emergency_reserve,167000,4284228,0,14451228
P089,P089_full_cash,rate_hike,7,below_emergency_reserve,167000,4284228,0,14451228
P089,P089_full_cash,compound_shock,7,below_emergency_reserve,167000,4284228,0,14451228
P089,P089_high_down_payment,baseline,7,below_emergency_reserve,122883,9066463,4992273,14197073
P089,P089_high_down_payment,job_loss_6m,7,below_emergency_reserve,122883,9066463,4992273,14197073
P089,P089_high_down_payment,market_crash,7,below_emergency_reserve,122883,9066463,4992273,14197073
P089,P089_high_down_payment,medical_emergency,7,below_emergency_reserve,122883,9066463,4992273,14197073
P089,P089_high_down_payment,rate_hike,7,below_emergency_reserve,122883,9066463,4992273,14197073
P089,P089_high_down_payment,compound_shock,7,below_emergency_reserve,122883,9066463,4992273,14197073
P089,P089_balanced_hybrid,baseline,7,below_emergency_reserve,424877,11150208,7493421,14081664
P089,P089_balanced_hybrid,job_loss_6m,7,below_emergency_reserve,424877,11150208,7493421,14081664
P089,P089_balanced_hybrid,market_crash,7,below_emergency_reserve,424877,11150208,7493421,14081664
P089,P089_balanced_hybrid,medical_emergency,7,below_emergency_reserve,424877,11150208,7493421,14081664
P089,P089_balanced_hybrid,rate_hike,7,below_emergency_reserve,424877,11150208,7493421,14081664
P089,P089_balanced_hybrid,compound_shock,7,below_emergency_reserve,424877,11150208,7493421,14081664
P089,P089_delay_build,baseline,25,below_emergency_reserve,1439059,13337293,6489955,18286397
P089,P089_delay_build,job_loss_6m,13,emi_affordability_limit,3264264,11836170,6500000,8600435
P089,P089_delay_build,market_crash,25,below_emergency_reserve,1439059,9336105,6489955,14285209
P089,P089_delay_build,medical_emergency,25,below_emergency_reserve,589059,13337293,6489955,17436397
P089,P089_delay_build,rate_hike,25,below_emergency_reserve,1345013,13337293,6492239,18190067
P089,P089_delay_build,compound_shock,13,emi_affordability_limit,3288264,7693511,6500000,4481775
P090,P090_full_cash,baseline,13,below_emergency_reserve,835000,6686980,0,17521980
P090,P090_full_cash,job_loss_6m,13,below_emergency_reserve,385000,6686980,0,17071980
P090,P090_full_cash,market_crash,13,below_emergency_reserve,835000,4680886,0,15515886
P090,P090_full_cash,medical_emergency,13,below_emergency_reserve,835000,6686980,0,17521980
P090,P090_full_cash,rate_hike,13,below_emergency_reserve,835000,6686980,0,17521980
P090,P090_full_cash,compound_shock,13,below_emergency_reserve,415000,4346537,0,14761537
P090,P090_high_down_payment,baseline,,no_breach,,,,
P090,P090_high_down_payment,job_loss_6m,,no_breach,,,,
P090,P090_high_down_payment,market_crash,,no_breach,,,,
P090,P090_high_down_payment,medical_emergency,,no_breach,,,,
P090,P090_high_down_payment,rate_hike,,no_breach,,,,
P090,P090_high_down_payment,compound_shock,17,below_emergency_reserve,3500122,4448847,4967582,12981388
P090,P090_balanced_hybrid,baseline,,no_breach,,,,
P090,P090_balanced_hybrid,job_loss_6m,13,emi_affordability_limit,7060152,6686980,7493421,16253711
P090,P090_balanced_hybrid,market_crash,,no_breach,,,,
P090,P090_balanced_hybrid,medical_emergency,,no_breach,,,,
P090,P090_balanced_hybrid,rate_hike,,no_breach,,,,
P090,P090_balanced_hybrid,compound_shock,13,emi_affordability_limit,7090152,4346537,7493421,13943268
P090,P090_delay_build,baseline,,no_breach,,,,
P090,P090_delay_build,job_loss_6m,13,emi_affordability_limit,9638264,6686980,6500000,9825244
P090,P090_delay_build,market_crash,,no_breach,,,,
P090,P090_delay_build,medical_emergency,,no_breach,,,,
P090,P090_delay_build,rate_hike,,no_breach,,,,
P090,P090_delay_build,compound_shock,15,emi_affordability_limit,9297016,4397394,6500000,7194411
P091,P091_full_cash,baseline,13,below_emergency_reserve,297000,3063699,0,13360699
P091,P091_full_cash,job_loss_6m,13,below_emergency_reserve,0,2955699,0,12955699
P091,P091_full_cash,market_crash,13,below_emergency_reserve,297000,1801801,0,12098801
P091,P091_full_cash,medical_emergency,13,below_emergency_reserve,297000,3063699,0,13360699
P091,P091_full_cash,rate_hike,13,below_emergency_reserve,297000,3063699,0,13360699
P091,P091_full_cash,compound_shock,13,below_emergency_reserve,0,1510485,0,11510485
P091,P091_high_down_payment,baseline,,no_breach,,,,
P091,P091_high_down_payment,job_loss_6m,13,emi_affordability_limit,3181656,4206326,4992273,12395709
P091,P091_high_down_payment,market_crash,,no_breach,,,,
P091,P091_high_down_payment,medical_emergency,,no_breach,,,,
P091,P091_high_down_payment,rate_hike,,no_breach,,,,
P091,P091_high_down_payment,compound_shock,13,emi_affordability_limit,3208656,2734112,4992273,10950495
P091,P091_balanced_hybrid,baseline,,no_breach,,,,
P091,P091_balanced_hybrid,job_loss_6m,13,emi_affordability_limit,5431152,4206326,7493421,12144057
P091,P091_balanced_hybrid,market_crash,,no_breach,,,,
P091,P091_balanced_hybrid,medical_emergency,,no_breach,,,,
P091,P091_balanced_hybrid,rate_hike,,no_breach,,,,
P091,P091_balanced_hybrid,compound_shock,13,emi_affordability_limit,5458152,2734112,7493421,10698843
P091,P091_delay_build,baseline,,no_breach,,,,
P091,P091_delay_build,job_loss_6m,13,emi_affordability_limit,8009264,4206326,6500000,5715590
P091,P091_delay_build,market_crash,,no_breach,,,,
P091,P091_delay_build,medical_emergency,,no_breach,,,,
P091,P091_delay_build,rate_hike,,no_breach,,,,
P091,P091_delay_build,compound_shock,13,emi_affordability_limit,8036264,2734112,6500000,4270376
P092,P092_full_cash,baseline,7,below_emergency_reserve,305000,7076789,0,17381789
P092,P092_full_cash,job_loss_6m,7,below_emergency_reserve,305000,7076789,0,17381789
P092,P092_full_cash,market_crash,7,below_emergency_reserve,305000,7076789,0,17381789
P092,P092_full_cash,medical_emergency,7,below_emergency_reserve,305000,7076789,0,17381789
P092,P092_full_cash,rate_hike,7,below_emergency_reserve,305000,7076789,0,17381789
P092,P092_full_cash,compound_shock,7,below_emergency_reserve,305000,7076789,0,17381789
P092,P092_high_down_payment,baseline,7,below_emergency_reserve,325770,11793489,4992273,17126986
P092,P092_high_down_payment,job_loss_6m,7,below_emergency_reserve,325770,11793489,4992273,17126986
P092,P092_high_down_payment,market_crash,7,below_emergency_reserve,325770,11793489,4992273,17126986
P092,P092_high_down_payment,medical_emergency,7,below_emergency_reserve,325770,11793489,4992273,17126986
P092,P092_high_down_payment,rate_hike,7,below_emergency_reserve,325770,11793489,4992273,17126986
P092,P092_high_down_payment,compound_shock,7,below_emergency_reserve,325770,11793489,4992273,17126986
P092,P092_balanced_hybrid,baseline,,no_breach,,,,
P092,P092_balanced_hybrid,job_loss_6m,,no_breach,,,,
P092,P092_balanced_hybrid,market_crash,,no_breach,,,,
P092,P092_balanced_hybrid,medical_emergency,,no_breach,,,,
P092,P092_balanced_hybrid,rate_hike,,no_breach,,,,
P092,P092_balanced_hybrid,compound_shock,19,below_emergency_reserve,1865502,8637979,7430070,13073411
P092,P092_delay_build,baseline,,no_breach,,,,
P092,P092_delay_build,job_loss_6m,,no_breach,,,,
P092,P092_delay_build,market_crash,,no_breach,,,,
P092,P092_delay_build,medical_emergency,,no_breach,,,,
P092,P092_delay_build,rate_hike,,no_breach,,,,
P092,P092_delay_build,compound_shock,,no_breach,,,,
P093,P093_full_cash,baseline,25,below_emergency_reserve,650000,4744998,0,15394998
P093,P093_full_cash,job_loss_6m,25,below_emergency_reserve,350000,2275548,0,12625548
P093,P093_full_cash,market_crash,25,below_emergency_reserve,650000,3321499,0,13971499
P093,P093_full_cash,medical_emergency,25,below_emergency_reserve,350000,4189498,0,14539498
P093,P093_full_cash,rate_hike,25,below_emergency_reserve,650000,4744998,0,15394998
P093,P093_full_cash,compound_shock,25,below_emergency_reserve,350000,0,0,10350000
P093,P093_high_down_payment,baseline,,no_breach,,,,
P093,P093_high_down_payment,job_loss_6m,,no_breach,,,,
P093,P093_high_down_payment,market_crash,,no_breach,,,,
P093,P093_high_down_payment,medical_emergency,,no_breach,,,,
P093,P093_high_down_payment,rate_hike,,no_breach,,,,
P093,P093_high_down_payment,compound_shock,25,below_emergency_reserve,425561,3084249,4993626,8516184
P093,P093_balanced_hybrid,baseline,,no_breach,,,,
P093,P093_balanced_hybrid,job_loss_6m,,no_breach,,,,
P093,P093_balanced_hybrid,market_crash,,no_breach,,,,
P093,P093_balanced_hybrid,medical_emergency,,no_breach,,,,
P093,P093_balanced_hybrid,rate_hike,,no_breach,,,,
P093,P093_balanced_hybrid,compound_shock,,no_breach,,,,
P093,P093_delay_build,baseline,,no_breach,,,,
P093,P093_delay_build,job_loss_6m,,no_breach,,,,
P093,P093_delay_build,market_crash,,no_breach,,,,
P093,P093_delay_build,medical_emergency,,no_breach,,,,
P093,P093_delay_build,rate_hike,,no_breach,,,,
P093,P093_delay_build,compound_shock,,no_breach,,,,
P094,P094_full_cash,baseline,1,below_emergency_reserve,1420000,4828000,0,6248000
P094,P094_full_cash,job_loss_6m,1,below_emergency_reserve,1420000,4828000,0,6248000
P094,P094_full_cash,market_crash,1,below_emergency_reserve,1420000,4828000,0,6248000
P094,P094_full_cash,medical_emergency,1,below_emergency_reserve,1420000,4828000,0,6248000
P094,P094_full_cash,rate_hike,1,below_emergency_reserve,1420000,4828000,0,6248000
P094,P094_full_cash,compound_shock,1,below_emergency_reserve,1420000,4828000,0,6248000
P094,P094_high_down_payment,baseline,1,below_emergency_reserve,1375814,4828000,5000000,1203814
P094,P094_high_down_payment,job_loss_6m,1,below_emergency_reserve,1375814,4828000,5000000,1203814
P094,P094_high_down_payment,market_crash,1,below_emergency_reserve,1375814,4828000,5000000,1203814
P094,P094_high_down_payment,medical_emergency,1,below_emergency_reserve,1375814,4828000,5000000,1203814
P094,P094_high_down_payment,rate_hike,1,below_emergency_reserve,1375814,4828000,5000000,1203814
P094,P094_high_down_payment,compound_shock,1,below_emergency_reserve,1375814,4828000,5000000,1203814
P094,P094_balanced_hybrid,baseline,1,below_emergency_reserve,1356546,4828000,7500000,-1315454
P094,P094_balanced_hybrid,job_loss_6m,1,below_emergency_reserve,1356546,4828000,7500000,-1315454
P094,P094_balanced_hybrid,market_crash,1,below_emergency_reserve,1356546,4828000,7500000,-1315454
P094,P094_balanced_hybrid,medical_emergency,1,below_emergency_reserve,1356546,4828000,7500000,-1315454
P094,P094_balanced_hybrid,rate_hike,1,below_emergency_reserve,1356546,4828000,7500000,-1315454
P094,P094_balanced_hybrid,compound_shock,1,below_emergency_reserve,1356546,4828000,7500000,-1315454
P094,P094_delay_build,baseline,1,below_emergency_reserve,1362559,4828000,6500000,-309441
P094,P094_delay_build,job_loss_6m,1,below_emergency_reserve,1362559,4828000,6500000,-309441
P094,P094_delay_build,market_crash,1,below_emergency_reserve,1362559,4828000,6500000,-309441
P094,P094_delay_build,medical_emergency,1,below_emergency_reserve,1362559,4828000,6500000,-309441
P094,P094_delay_build,rate_hike,1,below_emergency_reserve,1362559,4828000,6500000,-309441
P094,P094_delay_build,compound_shock,1,below_emergency_reserve,1362559,4828000,6500000,-309441
P095,P095_full_cash,baseline,,no_breach,,,,
P095,P095_full_cash,job_loss_6m,25,below_emergency_reserve,373000,1946530,0,12319530
P095,P095_full_cash,market_crash,,no_breach,,,,
P095,P095_full_cash,medical_emergency,25,below_emergency_reserve,775000,3590810,0,14365810
P095,P095_full_cash,rate_hike,,no_breach,,,,
P095,P095_full_cash,compound_shock,25,below_emergency_reserve,373000,0,0,10373000
P095,P095_high_down_payment,baseline,,no_breach,,,,
P095,P095_high_down_payment,job_loss_6m,,no_breach,,,,
P095,P095_high_down_payment,market_crash,,no_breach,,,,
P095,P095_high_down_payment,medical_emergency,,no_breach,,,,
P095,P095_high_down_payment,rate_hike,,no_breach,,,,
P095,P095_high_down_payment,compound_shock,25,below_emergency_reserve,1232561,2334026,4993626,8572961
P095,P095_balanced_hybrid,baseline,,no_breach,,,,
P095,P095_balanced_hybrid,job_loss_6m,13,emi_affordability_limit,5844097,3186661,7500000,1530758
P095,P095_balanced_hybrid,market_crash,,no_breach,,,,
P095,P095_balanced_hybrid,medical_emergency,,no_breach,,,,
P095,P095_balanced_hybrid,rate_hike,,no_breach,,,,
P095,P095_balanced_hybrid,compound_shock,,no_breach,,,,
P095,P095_delay_build,baseline,,no_breach,,,,
P095,P095_delay_build,job_loss_6m,,no_breach,,,,
P095,P095_delay_build,market_crash,,no_breach,,,,
P095,P095_delay_build,medical_emergency,,no_breach,,,,
P095,P095_delay_build,rate_hike,,no_breach,,,,
P095,P095_delay_build,compound_shock,,no_breach,,,,
P096,P096_full_cash,baseline,7,below_emergency_reserve,77000,6638343,0,16715343
P096,P096_full_cash,job_loss_6m,7,below_emergency_reserve,77000,6638343,0,16715343
P096,P096_full_cash,market_crash,7,below_emergency_reserve,77000,6638343,0,16715343
P096,P096_full_cash,medical_emergency,7,below_emergency_reserve,77000,6638343,0,16715343
P096,P096_full_cash,rate_hike,7,below_emergency_reserve,77000,6638343,0,16715343
P096,P096_full_cash,compound_shock,7,below_emergency_reserve,77000,6638343,0,16715343
P096,P096_high_down_payment,baseline,,no_breach,,,,
P096,P096_high_down_payment,job_loss_6m,13,emi_affordability_limit,2608528,9446174,4944712,17109991
P096,P096_high_down_payment,market_crash,,no_breach,,,,
P096,P096_high_down_payment,medical_emergency,,no_breach,,,,
P096,P096_high_down_payment,rate_hike,,no_breach,,,,
P096,P096_high_down_payment,compound_shock,13,emi_affordability_limit,2616528,6140013,4944712,13811830
P096,P096_balanced_hybrid,baseline,1,emi_affordability_limit,7313546,8383000,7500000,8196546
P096,P096_balanced_hybrid,job_loss_6m,1,emi_affordability_limit,7313546,8383000,7500000,8196546
P096,P096_balanced_hybrid,market_crash,1,emi_affordability_limit,7313546,8383000,7500000,8196546
P096,P096_balanced_hybrid,medical_emergency,1,emi_affordability_limit,7313546,8383000,7500000,8196546
P096,P096_balanced_hybrid,rate_hike,1,emi_affordability_limit,7313546,8383000,7500000,8196546
P096,P096_balanced_hybrid,compound_shock,1,emi_affordability_limit,7313546,8383000,7500000,8196546
P096,P096_delay_build,baseline,,no_breach,,,,
P096,P096_delay_build,job_loss_6m,13,emi_affordability_limit,7434264,9446174,6500000,10380439
P096,P096_delay_build,market_crash,,no_breach,,,,
P096,P096_delay_build,medical_emergency,,no_breach,,,,
P096,P096_delay_build,rate_hike,15,emi_affordability_limit,7584833,9636042,6500000,10720876
P096,P096_delay_build,compound_shock,13,emi_affordability_limit,7442264,6140013,6500000,7082278
P097,P097_full_cash,baseline,25,below_emergency_reserve,147000,5046374,0,15193374
P097,P097_full_cash,job_loss_6m,25,below_emergency_reserve,147000,3733762,0,13880762
P097,P097_full_cash,market_crash,25,below_emergency_reserve,147000,3450386,0,13597386
P097,P097_full_cash,medical_emergency,25,below_emergency_reserve,147000,4191416,0,14338416
P097,P097_full_cash,rate_hike,25,below_emergency_reserve,147000,5046374,0,15193374
P097,P097_full_cash,compound_shock,25,below_emergency_reserve,147000,897123,0,11044123
P097,P097_high_down_payment,baseline,,no_breach,,,,
P097,P097_high_down_payment,job_loss_6m,13,emi_affordability_limit,7319088,4961307,5000000,7280396
P097,P097_high_down_payment,market_crash,,no_breach,,,,
P097,P097_high_down_payment,medical_emergency,,no_breach,,,,
P097,P097_high_down_payment,rate_hike,,no_breach,,,,
P097,P097_high_down_payment,compound_shock,13,emi_affordability_limit,7333588,3224850,5000000,5558438
P097,P097_balanced_hybrid,baseline,,no_breach,,,,
P097,P097_balanced_hybrid,job_loss_6m,13,emi_affordability_limit,7068597,4961307,7500000,4529904
P097,P097_balanced_hybrid,market_crash,,no_breach,,,,
P097,P097_balanced_hybrid,medical_emergency,,no_breach,,,,
P097,P097_balanced_hybrid,rate_hike,,no_breach,,,,
P097,P097_balanced_hybrid,compound_shock,13,emi_affordability_limit,7083097,3224850,7500000,2807946
P097,P097_delay_build,baseline,,no_breach,,,,
P097,P097_delay_build,job_loss_6m,13,emi_affordability_limit,7146764,4961307,6500000,5608072
P097,P097_delay_build,market_crash,,no_breach,,,,
P097,P097_delay_build,medical_emergency,,no_breach,,,,
P097,P097_delay_build,rate_hike,,no_breach,,,,
P097,P097_delay_build,compound_shock,13,emi_affordability_limit,7161264,3224850,6500000,3886114
P098,P098_full_cash,baseline,25,below_emergency_reserve,175000,10438755,0,20613755
P098,P098_full_cash,job_loss_6m,25,below_emergency_reserve,175000,8854567,0,19029567
P098,P098_full_cash,market_crash,25,below_emergency_reserve,175000,7246778,0,17421778
P098,P098_full_cash,medical_emergency,25,below_emergency_reserve,175000,9583797,0,19758797
P098,P098_full_cash,rate_hike,25,below_emergency_reserve,175000,10438755,0,20613755
P098,P098_full_cash,compound_shock,25,below_emergency_reserve,175000,4089557,0,14264557
P098,P098_high_down_payment,baseline,,no_breach,,,,
P098,P098_high_down_payment,job_loss_6m,13,emi_affordability_limit,7038088,9922615,5000000,11960703
P098,P098_high_down_payment,market_crash,,no_breach,,,,
P098,P098_high_down_payment,medical_emergency,,no_breach,,,,
P098,P098_high_down_payment,rate_hike,,no_breach,,,,
P098,P098_high_down_payment,compound_shock,13,emi_affordability_limit,7055588,6449700,5000000,8505288
P098,P098_balanced_hybrid,baseline,,no_breach,,,,
P098,P098_balanced_hybrid,job_loss_6m,13,emi_affordability_limit,6787597,9922615,7500000,9210212
P098,P098_balanced_hybrid,market_crash,,no_breach,,,,
P098,P098_balanced_hybrid,medical_emergency,,no_breach,,,,
P098,P098_balanced_hybrid,rate_hike,,no_breach,,,,
P098,P098_balanced_hybrid,compound_shock,13,emi_affordability_limit,6805097,6449700,7500000,5754796
P098,P098_delay_build,baseline,,no_breach,,,,
P098,P098_delay_build,job_loss_6m,13,emi_affordability_limit,6865764,9922615,6500000,10288379
P098,P098_delay_build,market_crash,,no_breach,,,,
P098,P098_delay_build,medical_emergency,,no_breach,,,,
P098,P098_delay_build,rate_hike,,no_breach,,,,
P098,P098_delay_build,compound_shock,13,emi_affordability_limit,6883264,6449700,6500000,6832964
P099,P099_full_cash,baseline,13,below_emergency_reserve,160000,6053911,0,16213911
P099,P099_full_cash,job_loss_6m,13,below_emergency_reserve,0,5988911,0,15988911
P099,P099_full_cash,market_crash,13,below_emergency_reserve,160000,3821323,0,13981323
P099,P099_full_cash,medical_emergency,13,below_emergency_reserve,160000,6053911,0,16213911
P099,P099_full_cash,rate_hike,13,below_emergency_reserve,160000,6053911,0,16213911
P099,P099_full_cash,compound_shock,13,below_emergency_reserve,0,3399225,0,13399225
P099,P099_high_down_payment,baseline,,no_breach,,,,
P099,P099_high_down_payment,job_loss_6m,13,emi_affordability_limit,2980656,7441961,4992273,15430345
P099,P099_high_down_payment,market_crash,,no_breach,,,,
P099,P099_high_down_payment,medical_emergency,,no_breach,,,,
P099,P099_high_down_payment,rate_hike,,no_breach,,,,
P099,P099_high_down_payment,compound_shock,13,emi_affordability_limit,2995656,4837275,4992273,12840658
P099,P099_balanced_hybrid,baseline,,no_breach,,,,
P099,P099_balanced_hybrid,job_loss_6m,13,emi_affordability_limit,5230152,7441961,7493421,15178693
P099,P099_balanced_hybrid,market_crash,,no_breach,,,,
P099,P099_balanced_hybrid,medical_emergency,,no_breach,,,,
P099,P099_balanced_hybrid,rate_hike,15,emi_affordability_limit,5637898,7529037,7485841,15681095
P099,P099_balanced_hybrid,compound_shock,13,emi_affordability_limit,5245152,4837275,7493421,12589006
P099,P099_delay_build,baseline,,no_breach,,,,
P099,P099_delay_build,job_loss_6m,13,emi_affordability_limit,7808264,7441961,6500000,8750226
P099,P099_delay_build,market_crash,,no_breach,,,,
P099,P099_delay_build,medical_emergency,,no_breach,,,,
P099,P099_delay_build,rate_hike,,no_breach,,,,
P099,P099_delay_build,compound_shock,13,emi_affordability_limit,7823264,4837275,6500000,6160539
P100,P100_full_cash,baseline,1,below_emergency_reserve,2870000,6537917,0,9407917
P100,P100_full_cash,job_loss_6m,1,below_emergency_reserve,2870000,6537917,0,9407917
P100,P100_full_cash,market_crash,1,below_emergency_reserve,2870000,6537917,0,9407917
P100,P100_full_cash,medical_emergency,1,below_emergency_reserve,2870000,6537917,0,9407917
P100,P100_full_cash,rate_hike,1,below_emergency_reserve,2870000,6537917,0,9407917
P100,P100_full_cash,compound_shock,1,below_emergency_reserve,2870000,6537917,0,9407917
P100,P100_high_down_payment,baseline,1,below_emergency_reserve,2825814,6537917,5000000,4363731
P100,P100_high_down_payment,job_loss_6m,1,below_emergency_reserve,2825814,6537917,5000000,4363731
P100,P100_high_down_payment,market_crash,1,below_emergency_reserve,2825814,6537917,5000000,4363731
P100,P100_high_down_payment,medical_emergency,1,below_emergency_reserve,2825814,6537917,5000000,4363731
P100,P100_high_down_payment,rate_hike,1,below_emergency_reserve,2825814,6537917,5000000,4363731
P100,P100_high_down_payment,compound_shock,1,below_emergency_reserve,2825814,6537917,5000000,4363731
P100,P100_balanced_hybrid,baseline,1,below_emergency_reserve,2806546,6537917,7500000,1844463
P100,P100_balanced_hybrid,job_loss_6m,1,below_emergency_reserve,2806546,6537917,7500000,1844463
P100,P100_balanced_hybrid,market_crash,1,below_emergency_reserve,2806546,6537917,7500000,1844463
P100,P100_balanced_hybrid,medical_emergency,1,below_emergency_reserve,2806546,6537917,7500000,1844463
P100,P100_balanced_hybrid,rate_hike,1,below_emergency_reserve,2806546,6537917,7500000,1844463
P100,P100_balanced_hybrid,compound_shock,1,below_emergency_reserve,2806546,6537917,7500000,1844463
P100,P100_delay_build,baseline,1,below_emergency_reserve,2812559,6537917,6500000,2850475
P100,P100_delay_build,job_loss_6m,1,below_emergency_reserve,2812559,6537917,6500000,2850475
P100,P100_delay_build,market_crash,1,below_emergency_reserve,2812559,6537917,6500000,2850475
P100,P100_delay_build,medical_emergency,1,below_emergency_reserve,2812559,6537917,6500000,2850475
P100,P100_delay_build,rate_hike,1,below_emergency_reserve,2812559,6537917,6500000,2850475
P100,P100_delay_build,compound_shock,1,below_emergency_reserve,2812559,6537917,6500000,2850475
P101,P101_full_cash,baseline,7,below_emergency_reserve,310000,4537910,0,14847910
P101,P101_full_cash,job_loss_6m,7,below_emergency_reserve,310000,4537910,0,14847910
P101,P101_full_cash,market_crash,7,below_emergency_reserve,310000,4537910,0,14847910
P101,P101_full_cash,medical_emergency,7,below_emergency_reserve,310000,4537910,0,14847910
P101,P101_full_cash,rate_hike,7,below_emergency_reserve,310000,4537910,0,14847910
P101,P101_full_cash,compound_shock,7,below_emergency_reserve,310000,4537910,0,14847910
P101,P101_high_down_payment,baseline,7,below_emergency_reserve,265883,9300417,4992273,14574027
P101,P101_high_down_payment,job_loss_6m,7,below_emergency_reserve,265883,9300417,4992273,14574027
P101,P101_high_down_payment,market_crash,7,below_emergency_reserve,265883,9300417,4992273,14574027
P101,P101_high_down_payment,medical_emergency,7,below_emergency_reserve,265883,9300417,4992273,14574027
P101,P101_high_down_payment,rate_hike,7,below_emergency_reserve,265883,9300417,4992273,14574027
P101,P101_high_down_payment,compound_shock,7,below_emergency_reserve,265883,9300417,4992273,14574027
P101,P101_balanced_hybrid,baseline,7,below_emergency_reserve,1625877,10311394,7493421,14443850
P101,P101_balanced_hybrid,job_loss_6m,7,below_emergency_reserve,1625877,10311394,7493421,14443850
P101,P101_balanced_hybrid,market_crash,7,below_emergency_reserve,1625877,10311394,7493421,14443850
P101,P101_balanced_hybrid,medical_emergency,7,below_emergency_reserve,1625877,10311394,7493421,14443850
P101,P101_balanced_hybrid,rate_hike,7,below_emergency_reserve,1625877,10311394,7493421,14443850
P101,P101_balanced_hybrid,compound_shock,7,below_emergency_reserve,1625877,10311394,7493421,14443850
P101,P101_delay_build,baseline,,no_breach,,,,
P101,P101_delay_build,job_loss_6m,13,emi_affordability_limit,5308264,10677597,6500000,9485861
P101,P101_delay_build,market_crash,,no_breach,,,,
P101,P101_delay_build,medical_emergency,,no_breach,,,,
P101,P101_delay_build,rate_hike,,no_breach,,,,
P101,P101_delay_build,compound_shock,13,emi_affordability_limit,5333264,6940438,6500000,5773702
P102,P102_full_cash,baseline,7,below_emergency_reserve,133000,3329386,0,13462386
P102,P102_full_cash,job_loss_6m,7,below_emergency_reserve,133000,3329386,0,13462386
P102,P102_full_cash,market_crash,7,below_emergency_reserve,133000,3329386,0,13462386
P102,P102_full_cash,medical_emergency,7,below_emergency_reserve,133000,3329386,0,13462386
P102,P102_full_cash,rate_hike,7,below_emergency_reserve,133000,3329386,0,13462386
P102,P102_full_cash,compound_shock,7,below_emergency_reserve,133000,3329386,0,13462386
P102,P102_high_down_payment,baseline,,no_breach,,,,
P102,P102_high_down_payment,job_loss_6m,13,emi_affordability_limit,1861528,6980085,4944712,13896901
P102,P102_high_down_payment,market_crash,,no_breach,,,,
P102,P102_high_down_payment,medical_emergency,,no_breach,,,,
P102,P102_high_down_payment,rate_hike,,no_breach,,,,
P102,P102_high_down_payment,compound_shock,13,emi_affordability_limit,1874528,4537055,4944712,11466871
P102,P102_balanced_hybrid,baseline,,no_breach,,,,
P102,P102_balanced_hybrid,job_loss_6m,13,emi_affordability_limit,4110679,6980085,7452885,13637879
P102,P102_balanced_hybrid,market_crash,,no_breach,,,,
P102,P102_balanced_hybrid,medical_emergency,,no_breach,,,,
P102,P102_balanced_hybrid,rate_hike,,no_breach,,,,
P102,P102_balanced_hybrid,compound_shock,13,emi_affordability_limit,4123679,4537055,7452885,11207849
P102,P102_delay_build,baseline,,no_breach,,,,
P102,P102_delay_build,job_loss_6m,13,emi_affordability_limit,6687264,6980085,6500000,7167349
P102,P102_delay_build,market_crash,,no_breach,,,,
P102,P102_delay_build,medical_emergency,,no_breach,,,,
P102,P102_delay_build,rate_hike,,no_breach,,,,
P102,P102_delay_build,compound_shock,13,emi_affordability_limit,6700264,4537055,6500000,4737320
P103,P103_full_cash,baseline,1,below_emergency_reserve,2185000,6249083,0,8434083
P103,P103_full_cash,job_loss_6m,1,below_emergency_reserve,2185000,6249083,0,8434083
P103,P103_full_cash,market_crash,1,below_emergency_reserve,2185000,6249083,0,8434083
P103,P103_full_cash,medical_emergency,1,below_emergency_reserve,2185000,6249083,0,8434083
P103,P103_full_cash,rate_hike,1,below_emergency_reserve,2185000,6249083,0,8434083
P103,P103_full_cash,compound_shock,1,below_emergency_reserve,2185000,6249083,0,8434083
P103,P103_high_down_payment,baseline,1,below_emergency_reserve,2140814,6249083,5000000,3389898
P103,P103_high_down_payment,job_loss_6m,1,below_emergency_reserve,2140814,6249083,5000000,3389898
P103,P103_high_down_payment,market_crash,1,below_emergency_reserve,2140814,6249083,5000000,3389898
P103,P103_high_down_payment,medical_emergency,1,below_emergency_reserve,2140814,6249083,5000000,3389898
P103,P103_high_down_payment,rate_hike,1,below_emergency_reserve,2140814,6249083,5000000,3389898
P103,P103_high_down_payment,compound_shock,1,below_emergency_reserve,2140814,6249083,5000000,3389898
P103,P103_balanced_hybrid,baseline,1,below_emergency_reserve,2121546,6249083,7500000,870629
P103,P103_balanced_hybrid,job_loss_6m,1,below_emergency_reserve,2121546,6249083,7500000,870629
P103,P103_balanced_hybrid,market_crash,1,below_emergency_reserve,2121546,6249083,7500000,870629
P103,P103_balanced_hybrid,medical_emergency,1,below_emergency_reserve,2121546,6249083,7500000,870629
P103,P103_balanced_hybrid,rate_hike,1,below_emergency_reserve,2121546,6249083,7500000,870629
P103,P103_balanced_hybrid,compound_shock,1,below_emergency_reserve,2121546,6249083,7500000,870629
P103,P103_delay_build,baseline,1,below_emergency_reserve,2127559,6249083,6500000,1876642
P103,P103_delay_build,job_loss_6m,1,below_emergency_reserve,2127559,6249083,6500000,1876642
P103,P103_delay_build,market_crash,1,below_emergency_reserve,2127559,6249083,6500000,1876642
P103,P103_delay_build,medical_emergency,1,below_emergency_reserve,2127559,6249083,6500000,1876642
P103,P103_delay_build,rate_hike,1,below_emergency_reserve,2127559,6249083,6500000,1876642
P103,P103_delay_build,compound_shock,1,below_emergency_reserve,2127559,6249083,6500000,1876642
P104,P104_full_cash,baseline,,no_breach,,,,
P104,P104_full_cash,job_loss_6m,25,below_emergency_reserve,650000,7181619,0,17831619
P104,P104_full_cash,market_crash,,no_breach,,,,
P104,P104_full_cash,medical_emergency,,no_breach,,,,
P104,P104_full_cash,rate_hike,,no_breach,,,,
P104,P104_full_cash,compound_shock,25,below_emergency_reserve,255000,3688352,0,13943352
P104,P104_high_down_payment,baseline,,no_breach,,,,
P104,P104_high_down_payment,job_loss_6m,,no_breach,,,,
P104,P104_high_down_payment,market_crash,,no_breach,,,,
P104,P104_high_down_payment,medical_emergency,,no_breach,,,,
P104,P104_high_down_payment,rate_hike,,no_breach,,,,
P104,P104_high_down_payment,compound_shock,,no_breach,,,,
P104,P104_balanced_hybrid,baseline,,no_breach,,,,
P104,P104_balanced_hybrid,job_loss_6m,,no_breach,,,,
P104,P104_balanced_hybrid,market_crash,,no_breach,,,,
P104,P104_balanced_hybrid,medical_emergency,,no_breach,,,,
P104,P104_balanced_hybrid,rate_hike,,no_breach,,,,
P104,P104_balanced_hybrid,compound_shock,,no_breach,,,,
P104,P104_delay_build,baseline,,no_breach,,,,
P104,P104_delay_build,job_loss_6m,,no_breach,,,,
P104,P104_delay_build,market_crash,,no_breach,,,,
P104,P104_delay_build,medical_emergency,,no_breach,,,,
P104,P104_delay_build,rate_hike,,no_breach,,,,
P104,P104_delay_build,compound_shock,,no_breach,,,,
P105,P105_full_cash,baseline,1,below_emergency_reserve,82000,0,0,10082000
P105,P105_full_cash,job_loss_6m,1,below_emergency_reserve,82000,0,0,10082000
P105,P105_full_cash,market_crash,1,below_emergency_reserve,82000,0,0,10082000
P105,P105_full_cash,medical_emergency,1,below_emergency_reserve,82000,0,0,10082000
P105,P105_full_cash,rate_hike,1,below_emergency_reserve,82000,0,0,10082000
P105,P105_full_cash,compound_shock,1,below_emergency_reserve,82000,0,0,10082000
P105,P105_high_down_payment,baseline,1,below_emergency_reserve,37883,5050000,4992273,10095610
P105,P105_high_down_payment,job_loss_6m,1,below_emergency_reserve,37883,5050000,4992273,10095610
P105,P105_high_down_payment,market_crash,1,below_emergency_reserve,37883,5050000,4992273,10095610
P105,P105_high_down_payment,medical_emergency,1,below_emergency_reserve,37883,5050000,4992273,10095610
P105,P105_high_down_payment,rate_hike,1,below_emergency_reserve,37883,5050000,4992273,10095610
P105,P105_high_down_payment,compound_shock,1,below_emergency_reserve,37883,5050000,4992273,10095610
P105,P105_balanced_hybrid,baseline,1,below_emergency_reserve,18602,7575000,7493421,10100181
P105,P105_balanced_hybrid,job_loss_6m,1,below_emergency_reserve,18602,7575000,7493421,10100181
P105,P105_balanced_hybrid,market_crash,1,below_emergency_reserve,18602,7575000,7493421,10100181
P105,P105_balanced_hybrid,medical_emergency,1,below_emergency_reserve,18602,7575000,7493421,10100181
P105,P105_balanced_hybrid,rate_hike,1,below_emergency_reserve,18602,7575000,7493421,10100181
P105,P105_balanced_hybrid,compound_shock,1,below_emergency_reserve,18602,7575000,7493421,10100181
P105,P105_delay_build,baseline,25,below_emergency_reserve,24648,9530464,6489955,13065157
P105,P105_delay_build,job_loss_6m,13,emi_affordability_limit,1476764,9901412,6500000,4878176
P105,P105_delay_build,market_crash,25,below_emergency_reserve,24648,6183316,6489955,9718009
P105,P105_delay_build,medical_emergency,25,below_emergency_reserve,24648,8671964,6489955,12206657
P105,P105_delay_build,rate_hike,15,emi_affordability_limit,1659833,10100430,6500000,5260263
P105,P105_delay_build,compound_shock,13,emi_affordability_limit,1486264,6435918,6500000,1422182
P106,P106_full_cash,baseline,25,below_emergency_reserve,130000,3036446,0,13166446
P106,P106_full_cash,job_loss_6m,25,below_emergency_reserve,130000,1995408,0,12125408
P106,P106_full_cash,market_crash,25,below_emergency_reserve,130000,954722,0,11084722
P106,P106_full_cash,medical_emergency,25,below_emergency_reserve,130000,2181488,0,12311488
P106,P106_full_cash,rate_hike,25,below_emergency_reserve,130000,3036446,0,13166446
P106,P106_full_cash,compound_shock,25,below_emergency_reserve,130000,0,0,10130000
P106,P106_high_down_payment,baseline,25,below_emergency_reserve,145430,6939079,4992273,12092236
P106,P106_high_down_payment,job_loss_6m,13,emi_affordability_limit,3943088,6471271,5000000,5414359
P106,P106_high_down_payment,market_crash,25,below_emergency_reserve,145430,4857356,4992273,10010513
P106,P106_high_down_payment,medical_emergency,25,below_emergency_reserve,85883,6144015,4992273,11237625
P106,P106_high_down_payment,rate_hike,25,below_emergency_reserve,79299,6932831,4994030,12018100
P106,P106_high_down_payment,compound_shock,13,emi_affordability_limit,3954588,4206326,5000000,3160914
P106,P106_balanced_hybrid,baseline,,no_breach,,,,
P106,P106_balanced_hybrid,job_loss_6m,13,emi_affordability_limit,3692597,6471271,7500000,2663867
P106,P106_balanced_hybrid,market_crash,,no_breach,,,,
P106,P106_balanced_hybrid,medical_emergency,,no_breach,,,,
P106,P106_balanced_hybrid,rate_hike,15,emi_affordability_limit,3987591,6546989,7500000,3034580
P106,P106_balanced_hybrid,compound_shock,13,emi_affordability_limit,3704097,4206326,7500000,410422
P106,P106_delay_build,baseline,,no_breach,,,,
P106,P106_delay_build,job_loss_6m,13,emi_affordability_limit,3770764,6471271,6500000,3742035
P106,P106_delay_build,market_crash,,no_breach,,,,
P106,P106_delay_build,medical_emergency,25,below_emergency_reserve,464059,6939079,6489955,10913184
P106,P106_delay_build,rate_hike,,no_breach,,,,
P106,P106_delay_build,compound_shock,13,emi_affordability_limit,3782264,4206326,6500000,1488590
P107,P107_full_cash,baseline,19,below_emergency_reserve,195000,3592250,0,13787250
P107,P107_full_cash,job_loss_6m,19,below_emergency_reserve,195000,1505863,0,11700863
P107,P107_full_cash,market_crash,19,below_emergency_reserve,195000,1640711,0,11835711
P107,P107_full_cash,medical_emergency,19,below_emergency_reserve,195000,2735521,0,12930521
P107,P107_full_cash,rate_hike,19,below_emergency_reserve,195000,3592250,0,13787250
P107,P107_full_cash,compound_shock,19,insufficient_funds,-127000,0,0,9873000
P107,P107_high_down_payment,baseline,19,below_emergency_reserve,1465543,6505129,4992273,12978400
P107,P107_high_down_payment,job_loss_6m,13,emi_affordability_limit,5215588,6204520,5000000,6420108
P107,P107_high_down_payment,market_crash,19,below_emergency_reserve,1465543,4553591,4992273,11026861
P107,P107_high_down_payment,medical_emergency,19,below_emergency_reserve,615543,6505129,4992273,12128400
P107,P107_high_down_payment,rate_hike,19,below_emergency_reserve,1432656,6505129,4994030,12943755
P107,P107_high_down_payment,compound_shock,19,below_emergency_reserve,0,2755200,4993626,7761574
P107,P107_balanced_hybrid,baseline,,no_breach,,,,
P107,P107_balanced_hybrid,job_loss_6m,13,emi_affordability_limit,4965097,6204520,7500000,3669616
P107,P107_balanced_hybrid,market_crash,,no_breach,,,,
P107,P107_balanced_hybrid,medical_emergency,,no_breach,,,,
P107,P107_balanced_hybrid,rate_hike,,no_breach,,,,
P107,P107_balanced_hybrid,compound_shock,13,emi_affordability_limit,4988097,4032938,7500000,1521034
P107,P107_delay_build,baseline,,no_breach,,,,
P107,P107_delay_build,job_loss_6m,13,emi_affordability_limit,5043264,6204520,6500000,4747784
P107,P107_delay_build,market_crash,,no_breach,,,,
P107,P107_delay_build,medical_emergency,,no_breach,,,,
P107,P107_delay_build,rate_hike,,no_breach,,,,
P107,P107_delay_build,compound_shock,13,emi_affordability_limit,5066264,4032938,6500000,2599202
P108,P108_full_cash,baseline,25,below_emergency_reserve,110000,2425787,0,12535787
P108,P108_full_cash,job_loss_6m,25,below_emergency_reserve,110000,1564018,0,11674018
P108,P108_full_cash,market_crash,25,below_emergency_reserve,110000,379696,0,10489696
P108,P108_full_cash,medical_emergency,25,below_emergency_reserve,110000,1569058,0,11679058
P108,P108_full_cash,rate_hike,25,below_emergency_reserve,110000,2425787,0,12535787
P108,P108_full_cash,compound_shock,25,below_emergency_reserve,110000,0,0,10110000
P108,P108_high_down_payment,baseline,25,below_emergency_reserve,65883,6396522,4992273,11470132
P108,P108_high_down_payment,job_loss_6m,13,emi_affordability_limit,3713088,6204520,5000000,4917608
P108,P108_high_down_payment,market_crash,25,below_emergency_reserve,65883,4350431,4992273,9424041
P108,P108_high_down_payment,medical_emergency,25,below_emergency_reserve,65883,5539793,4992273,10613403
P108,P108_high_down_payment,rate_hike,25,below_emergency_reserve,59299,6330242,4994030,11395511
P108,P108_high_down_payment,compound_shock,13,emi_affordability_limit,3722588,4032938,5000000,2755526
P108,P108_balanced_hybrid,baseline,,no_breach,,,,
P108,P108_balanced_hybrid,job_loss_6m,13,emi_affordability_limit,3462597,6204520,7500000,2167116
P108,P108_balanced_hybrid,market_crash,,no_breach,,,,
P108,P108_balanced_hybrid,medical_emergency,,no_breach,,,,
P108,P108_balanced_hybrid,rate_hike,15,emi_affordability_limit,3687591,6303147,7500000,2490738
P108,P108_balanced_hybrid,compound_shock,13,emi_affordability_limit,3472097,4032938,7500000,5034
P108,P108_delay_build,baseline,,no_breach,,,,
P108,P108_delay_build,job_loss_6m,13,emi_affordability_limit,3540764,6204520,6500000,3245284
P108,P108_delay_build,market_crash,,no_breach,,,,
P108,P108_delay_build,medical_emergency,25,below_emergency_reserve,52648,6731013,6489955,10293706
P108,P108_delay_build,rate_hike,,no_breach,,,,
P108,P108_delay_build,compound_shock,13,emi_affordability_limit,3550264,4032938,6500000,1083202
P109,P109_full_cash,baseline,25,below_emergency_reserve,2425000,5782566,0,18207566
P109,P109_full_cash,job_loss_6m,25,below_emergency_reserve,205000,5571341,0,15776341
P109,P109_full_cash,market_crash,25,below_emergency_reserve,2425000,4047796,0,16472796
P109,P109_full_cash,medical_emergency,25,below_emergency_reserve,1575000,5782566,0,17357566
P109,P109_full_cash,rate_hike,25,below_emergency_reserve,2425000,5782566,0,18207566
P109,P109_full_cash,compound_shock,25,below_emergency_reserve,205000,2296186,0,12501186
P109,P109_high_down_payment,baseline,,no_breach,,,,
P109,P109_high_down_payment,job_loss_6m,13,emi_affordability_limit,8985588,5392726,5000000,9378314
P109,P109_high_down_payment,market_crash,,no_breach,,,,
P109,P109_high_down_payment,medical_emergency,,no_breach,,,,
P109,P109_high_down_payment,rate_hike,,no_breach,,,,
P109,P109_high_down_payment,compound_shock,25,below_emergency_reserve,2592561,3758668,4993626,11357603
P109,P109_balanced_hybrid,baseline,,no_breach,,,,
P109,P109_balanced_hybrid,job_loss_6m,13,emi_affordability_limit,8735097,5392726,7500000,6627822
P109,P109_balanced_hybrid,market_crash,,no_breach,,,,
P109,P109_balanced_hybrid,medical_emergency,,no_breach,,,,
P109,P109_balanced_hybrid,rate_hike,,no_breach,,,,
P109,P109_balanced_hybrid,compound_shock,13,emi_affordability_limit,8762097,3505272,7500000,4767368
P109,P109_delay_build,baseline,,no_breach,,,,
P109,P109_delay_build,job_loss_6m,13,emi_affordability_limit,8813264,5392726,6500000,7705990
P109,P109_delay_build,market_crash,,no_breach,,,,
P109,P109_delay_build,medical_emergency,,no_breach,,,,
P109,P109_delay_build,rate_hike,,no_breach,,,,
P109,P109_delay_build,compound_shock,13,emi_affordability_limit,8840264,3505272,6500000,5845536
P110,P110_full_cash,baseline,1,below_emergency_reserve,250000,0,0,10250000
P110,P110_full_cash,job_loss_6m,1,below_emergency_reserve,250000,0,0,10250000
P110,P110_full_cash,market_crash,1,below_emergency_reserve,250000,0,0,10250000
P110,P110_full_cash,medical_emergency,1,below_emergency_reserve,250000,0,0,10250000
P110,P110_full_cash,rate_hike,1,below_emergency_reserve,250000,0,0,10250000
P110,P110_full_cash,compound_shock,1,below_emergency_reserve,250000,0,0,10250000
P110,P110_high_down_payment,baseline,1,below_emergency_reserve,205883,0,4992273,5213610
P110,P110_high_down_payment,job_loss_6m,1,below_emergency_reserve,205883,0,4992273,5213610
P110,P110_high_down_payment,market_crash,1,below_emergency_reserve,205883,0,4992273,5213610
P110,P110_high_down_payment,medical_emergency,1,below_emergency_reserve,205883,0,4992273,5213610
P110,P110_high_down_payment,rate_hike,1,below_emergency_reserve,205883,0,4992273,5213610
P110,P110_high_down_payment,compound_shock,1,below_emergency_reserve,205883,0,4992273,5213610
P110,P110_balanced_hybrid,baseline,,no_breach,,,,
P110,P110_balanced_hybrid,job_loss_6m,13,emi_affordability_limit,3638926,910475,7410470,7138931
P110,P110_balanced_hybrid,market_crash,,no_breach,,,,
P110,P110_balanced_hybrid,medical_emergency,,no_breach,,,,
P110,P110_balanced_hybrid,rate_hike,,no_breach,,,,
P110,P110_balanced_hybrid,compound_shock,15,emi_affordability_limit,3302411,603704,7418584,6487530
P110,P110_delay_build,baseline,,no_breach,,,,
P110,P110_delay_build,job_loss_6m,13,emi_affordability_limit,6213264,910475,6500000,623739
P110,P110_delay_build,market_crash,,no_breach,,,,
P110,P110_delay_build,medical_emergency,,no_breach,,,,
P110,P110_delay_build,rate_hike,,no_breach,,,,
P110,P110_delay_build,compound_shock,,no_breach,,,,
P111,P111_full_cash,baseline,7,below_emergency_reserve,245000,2424705,0,12669705
P111,P111_full_cash,job_loss_6m,7,below_emergency_reserve,245000,2424705,0,12669705
P111,P111_full_cash,market_crash,7,below_emergency_reserve,245000,2424705,0,12669705
P111,P111_full_cash,medical_emergency,7,below_emergency_reserve,245000,2424705,0,12669705
P111,P111_full_cash,rate_hike,7,below_emergency_reserve,245000,2424705,0,12669705
P111,P111_full_cash,compound_shock,7,below_emergency_reserve,245000,2424705,0,12669705
P111,P111_high_down_payment,baseline,,no_breach,,,,
P111,P111_high_down_payment,job_loss_6m,13,emi_affordability_limit,5237528,3102260,4944712,13395076
P111,P111_high_down_payment,market_crash,,no_breach,,,,
P111,P111_high_down_payment,medical_emergency,,no_breach,,,,
P111,P111_high_down_payment,rate_hike,,no_breach,,,,
P111,P111_high_down_payment,compound_shock,13,emi_affordability_limit,5262528,2016469,4944712,12334285
P111,P111_balanced_hybrid,baseline,,no_breach,,,,
P111,P111_balanced_hybrid,job_loss_6m,13,emi_affordability_limit,7486679,3102260,7452885,13136054
P111,P111_balanced_hybrid,market_crash,,no_breach,,,,
P111,P111_balanced_hybrid,medical_emergency,,no_breach,,,,
P111,P111_balanced_hybrid,rate_hike,,no_breach,,,,
P111,P111_balanced_hybrid,compound_shock,13,emi_affordability_limit,7511679,2016469,7452885,12075263
P111,P111_delay_build,baseline,,no_breach,,,,
P111,P111_delay_build,job_loss_6m,13,emi_affordability_limit,10063264,3102260,6500000,6665524
P111,P111_delay_build,market_crash,,no_breach,,,,
P111,P111_delay_build,medical_emergency,,no_breach,,,,
P111,P111_delay_build,rate_hike,,no_breach,,,,
P111,P111_delay_build,compound_shock,13,emi_affordability_limit,10088264,2016469,6500000,5604733
P112,P112_full_cash,baseline,13,below_emergency_reserve,202000,7500177,0,17702177
P112,P112_full_cash,job_loss_6m,13,below_emergency_reserve,0,7402177,0,17402177
P112,P112_full_cash,market_crash,13,below_emergency_reserve,202000,4802896,0,15004896
P112,P112_full_cash,medical_emergency,13,below_emergency_reserve,202000,7500177,0,17702177
P112,P112_full_cash,rate_hike,13,below_emergency_reserve,202000,7500177,0,17702177
P112,P112_full_cash,compound_shock,13,below_emergency_reserve,0,4275349,0,14275349
P112,P112_high_down_payment,baseline,,no_breach,,,,
P112,P112_high_down_payment,job_loss_6m,13,emi_affordability_limit,2851656,8990937,4992273,16850320
P112,P112_high_down_payment,market_crash,,no_breach,,,,
P112,P112_high_down_payment,medical_emergency,,no_breach,,,,
P112,P112_high_down_payment,rate_hike,,no_breach,,,,
P112,P112_high_down_payment,compound_shock,15,emi_affordability_limit,2622715,5961576,4980715,13603576
P112,P112_balanced_hybrid,baseline,,no_breach,,,,
P112,P112_balanced_hybrid,job_loss_6m,13,emi_affordability_limit,5101152,8990937,7493421,16598668
P112,P112_balanced_hybrid,market_crash,,no_breach,,,,
P112,P112_balanced_hybrid,medical_emergency,,no_breach,,,,
P112,P112_balanced_hybrid,rate_hike,,no_breach,,,,
P112,P112_balanced_hybrid,compound_shock,13,emi_affordability_limit,5121152,5844109,7493421,13471840
P112,P112_delay_build,baseline,,no_breach,,,,
P112,P112_delay_build,job_loss_6m,13,emi_affordability_limit,7679264,8990937,6500000,10170201
P112,P112_delay_build,market_crash,,no_breach,,,,
P112,P112_delay_build,medical_emergency,,no_breach,,,,
P112,P112_delay_build,rate_hike,,no_breach,,,,
P112,P112_delay_build,compound_shock,13,emi_affordability_limit,7699264,5844109,6500000,7043373
P113,P113_full_cash,baseline,19,below_emergency_reserve,90000,3335351,0,13425351
P113,P113_full_cash,job_loss_6m,19,below_emergency_reserve,90000,2384839,0,12474839
P113,P113_full_cash,market_crash,19,below_emergency_reserve,90000,1526056,0,11616056
P113,P113_full_cash,medical_emergency,19,below_emergency_reserve,90000,2480393,0,12570393
P113,P113_full_cash,rate_hike,19,below_emergency_reserve,90000,3335351,0,13425351
P113,P113_full_cash,compound_shock,19,insufficient_funds,-57000,0,0,9943000
P113,P113_high_down_payment,baseline,,no_breach,,,,
P113,P113_high_down_payment,job_loss_6m,13,emi_affordability_limit,6138088,5824144,5000000,6962232
P113,P113_high_down_payment,market_crash,,no_breach,,,,
P113,P113_high_down_payment,medical_emergency,19,below_emergency_reserve,720543,6030985,4992273,11759255
P113,P113_high_down_payment,rate_hike,,no_breach,,,,
P113,P113_high_down_payment,compound_shock,13,emi_affordability_limit,6148588,3785693,5000000,4934281
P113,P113_balanced_hybrid,baseline,,no_breach,,,,
P113,P113_balanced_hybrid,job_loss_6m,13,emi_affordability_limit,5887597,5824144,7500000,4211740
P113,P113_balanced_hybrid,market_crash,,no_breach,,,,
P113,P113_balanced_hybrid,medical_emergency,,no_breach,,,,
P113,P113_balanced_hybrid,rate_hike,15,emi_affordability_limit,6087591,5892290,7500000,4479881
P113,P113_balanced_hybrid,compound_shock,13,emi_affordability_limit,5898097,3785693,7500000,2183790
P113,P113_delay_build,baseline,,no_breach,,,,
P113,P113_delay_build,job_loss_6m,13,emi_affordability_limit,5965764,5824144,6500000,5289908
P113,P113_delay_build,market_crash,,no_breach,,,,
P113,P113_delay_build,medical_emergency,,no_breach,,,,
P113,P113_delay_build,rate_hike,,no_breach,,,,
P113,P113_delay_build,compound_shock,13,emi_affordability_limit,5976264,3785693,6500000,3261958
P114,P114_full_cash,baseline,,no_breach,,,,
P114,P114_full_cash,job_loss_6m,25,below_emergency_reserve,585000,12259040,0,22844040
P114,P114_full_cash,market_crash,,no_breach,,,,
P114,P114_full_cash,medical_emergency,25,below_emergency_reserve,1175000,12259040,0,23434040
P114,P114_full_cash,rate_hike,,no_breach,,,,
P114,P114_full_cash,compound_shock,25,below_emergency_reserve,165000,7382981,0,17547981
P114,P114_high_down_payment,baseline,,no_breach,,,,
P114,P114_high_down_payment,job_loss_6m,13,emi_affordability_limit,9230588,11432578,5000000,15663166
P114,P114_high_down_payment,market_crash,,no_breach,,,,
P114,P114_high_down_payment,medical_emergency,,no_breach,,,,
P114,P114_high_down_payment,rate_hike,,no_breach,,,,
P114,P114_high_down_payment,compound_shock,13,emi_affordability_limit,9246588,7431176,5000000,11677764
P114,P114_balanced_hybrid,baseline,,no_breach,,,,
P114,P114_balanced_hybrid,job_loss_6m,13,emi_affordability_limit,8980097,11432578,7500000,12912675
P114,P114_balanced_hybrid,market_crash,,no_breach,,,,
P114,P114_balanced_hybrid,medical_emergency,,no_breach,,,,
P114,P114_balanced_hybrid,rate_hike,,no_breach,,,,
P114,P114_balanced_hybrid,compound_shock,13,emi_affordability_limit,8996097,7431176,7500000,8927272
P114,P114_delay_build,baseline,,no_breach,,,,
P114,P114_delay_build,job_loss_6m,13,emi_affordability_limit,9058264,11432578,6500000,13990843
P114,P114_delay_build,market_crash,,no_breach,,,,
P114,P114_delay_build,medical_emergency,,no_breach,,,,
P114,P114_delay_build,rate_hike,,no_breach,,,,
P114,P114_delay_build,compound_shock,13,emi_affordability_limit,9074264,7431176,6500000,10005440
P115,P115_full_cash,baseline,1,below_emergency_reserve,3358000,2615167,0,5973167
P115,P115_full_cash,job_loss_6m,1,below_emergency_reserve,3358000,2615167,0,5973167
P115,P115_full_cash,market_crash,1,below_emergency_reserve,3358000,2615167,0,5973167
P115,P115_full_cash,medical_emergency,1,below_emergency_reserve,3358000,2615167,0,5973167
P115,P115_full_cash,rate_hike,1,below_emergency_reserve,3358000,2615167,0,5973167
P115,P115_full_cash,compound_shock,1,below_emergency_reserve,3358000,2615167,0,5973167
P115,P115_high_down_payment,baseline,1,below_emergency_reserve,3313814,2615167,5000000,928981
P115,P115_high_down_payment,job_loss_6m,1,below_emergency_reserve,3313814,2615167,5000000,928981
P115,P115_high_down_payment,market_crash,1,below_emergency_reserve,3313814,2615167,5000000,928981
P115,P115_high_down_payment,medical_emergency,1,below_emergency_reserve,3313814,2615167,5000000,928981
P115,P115_high_down_payment,rate_hike,1,below_emergency_reserve,3313814,2615167,5000000,928981
P115,P115_high_down_payment,compound_shock,1,below_emergency_reserve,3313814,2615167,5000000,928981
P115,P115_balanced_hybrid,baseline,1,below_emergency_reserve,3294546,2615167,7500000,-1590287
P115,P115_balanced_hybrid,job_loss_6m,1,below_emergency_reserve,3294546,2615167,7500000,-1590287
P115,P115_balanced_hybrid,market_crash,1,below_emergency_reserve,3294546,2615167,7500000,-1590287
P115,P115_balanced_hybrid,medical_emergency,1,below_emergency_reserve,3294546,2615167,7500000,-1590287
P115,P115_balanced_hybrid,rate_hike,1,below_emergency_reserve,3294546,2615167,7500000,-1590287
P115,P115_balanced_hybrid,compound_shock,1,below_emergency_reserve,3294546,2615167,7500000,-1590287
P115,P115_delay_build,baseline,1,below_emergency_reserve,3300559,2615167,6500000,-584275
P115,P115_delay_build,job_loss_6m,1,below_emergency_reserve,3300559,2615167,6500000,-584275
P115,P115_delay_build,market_crash,1,below_emergency_reserve,3300559,2615167,6500000,-584275
P115,P115_delay_build,medical_emergency,1,below_emergency_reserve,3300559,2615167,6500000,-584275
P115,P115_delay_build,rate_hike,1,below_emergency_reserve,3300559,2615167,6500000,-584275
P115,P115_delay_build,compound_shock,1,below_emergency_reserve,3300559,2615167,6500000,-584275
P116,P116_full_cash,baseline,,no_breach,,,,
P116,P116_full_cash,job_loss_6m,25,below_emergency_reserve,1805000,9746483,0,21551483
P116,P116_full_cash,market_crash,,no_breach,,,,
P116,P116_full_cash,medical_emergency,,no_breach,,,,
P116,P116_full_cash,rate_hike,,no_breach,,,,
P116,P116_full_cash,compound_shock,25,below_emergency_reserve,539000,6335214,0,16874214
P116,P116_high_down_payment,baseline,,no_breach,,,,
P116,P116_high_down_payment,job_loss_6m,,no_breach,,,,
P116,P116_high_down_payment,market_crash,,no_breach,,,,
P116,P116_high_down_payment,medical_emergency,,no_breach,,,,
P116,P116_high_down_payment,rate_hike,,no_breach,,,,
P116,P116_high_down_payment,compound_shock,,no_breach,,,,
P116,P116_balanced_hybrid,baseline,,no_breach,,,,
P116,P116_balanced_hybrid,job_loss_6m,13,emi_affordability_limit,10284097,8649509,7500000,11433605
P116,P116_balanced_hybrid,market_crash,,no_breach,,,,
P116,P116_balanced_hybrid,medical_emergency,,no_breach,,,,
P116,P116_balanced_hybrid,rate_hike,,no_breach,,,,
P116,P116_balanced_hybrid,compound_shock,13,emi_affordability_limit,10312097,5622181,7500000,8434277
P116,P116_delay_build,baseline,,no_breach,,,,
P116,P116_delay_build,job_loss_6m,13,emi_affordability_limit,10362264,8649509,6500000,12511773
P116,P116_delay_build,market_crash,,no_breach,,,,
P116,P116_delay_build,medical_emergency,,no_breach,,,,
P116,P116_delay_build,rate_hike,,no_breach,,,,
P116,P116_delay_build,compound_shock,15,emi_affordability_limit,9951016,5735187,6500000,9186203
P117,P117_full_cash,baseline,25,below_emergency_reserve,113000,12035829,0,22148829
P117,P117_full_cash,job_loss_6m,25,below_emergency_reserve,113000,10357648,0,20470648
P117,P117_full_cash,market_crash,25,below_emergency_reserve,113000,8126334,0,18239334
P117,P117_full_cash,medical_emergency,25,below_emergency_reserve,113000,11179100,0,21292100
P117,P117_full_cash,rate_hike,25,below_emergency_reserve,113000,12035829,0,22148829
P117,P117_full_cash,compound_shock,25,below_emergency_reserve,113000,4731202,0,14844202
P117,P117_high_down_payment,baseline,,no_breach,,,,
P117,P117_high_down_payment,job_loss_6m,13,emi_affordability_limit,6917088,11855065,5000000,13772153
P117,P117_high_down_payment,market_crash,,no_breach,,,,
P117,P117_high_down_payment,medical_emergency,25,below_emergency_reserve,2170430,13031651,4992273,20209808
P117,P117_high_down_payment,rate_hike,,no_breach,,,,
P117,P117_high_down_payment,compound_shock,13,emi_affordability_limit,6935588,7705792,5000000,9641380
P117,P117_balanced_hybrid,baseline,,no_breach,,,,
P117,P117_balanced_hybrid,job_loss_6m,13,emi_affordability_limit,6666597,11855065,7500000,11021661
P117,P117_balanced_hybrid,market_crash,,no_breach,,,,
P117,P117_balanced_hybrid,medical_emergency,,no_breach,,,,
P117,P117_balanced_hybrid,rate_hike,,no_breach,,,,
P117,P117_balanced_hybrid,compound_shock,13,emi_affordability_limit,6685097,7705792,7500000,6890889
P117,P117_delay_build,baseline,,no_breach,,,,
P117,P117_delay_build,job_loss_6m,13,emi_affordability_limit,6744764,11855065,6500000,12099829
P117,P117_delay_build,market_crash,,no_breach,,,,
P117,P117_delay_build,medical_emergency,,no_breach,,,,
P117,P117_delay_build,rate_hike,,no_breach,,,,
P117,P117_delay_build,compound_shock,13,emi_affordability_limit,6763264,7705792,6500000,7969056
P118,P118_full_cash,baseline,7,below_emergency_reserve,322000,4876922,0,15198922
P118,P118_full_cash,job_loss_6m,7,below_emergency_reserve,322000,4876922,0,15198922
P118,P118_full_cash,market_crash,7,below_emergency_reserve,322000,4876922,0,15198922
P118,P118_full_cash,medical_emergency,7,below_emergency_reserve,322000,4876922,0,15198922
P118,P118_full_cash,rate_hike,7,below_emergency_reserve,322000,4876922,0,15198922
P118,P118_full_cash,compound_shock,7,below_emergency_reserve,322000,4876922,0,15198922
P118,P118_high_down_payment,baseline,7,below_emergency_reserve,3544770,6353485,4992273,14905982
P118,P118_high_down_payment,job_loss_6m,7,below_emergency_reserve,3544770,6353485,4992273,14905982
P118,P118_high_down_payment,market_crash,7,below_emergency_reserve,3544770,6353485,4992273,14905982
P118,P118_high_down_payment,medical_emergency,7,below_emergency_reserve,3544770,6353485,4992273,14905982
P118,P118_high_down_payment,rate_hike,7,below_emergency_reserve,3544770,6353485,4992273,14905982
P118,P118_high_down_payment,compound_shock,7,below_emergency_reserve,3544770,6353485,4992273,14905982
P118,P118_balanced_hybrid,baseline,,no_breach,,,,
P118,P118_balanced_hybrid,job_loss_6m,13,emi_affordability_limit,6982679,6579125,7452885,16108919
P118,P118_balanced_hybrid,market_crash,,no_breach,,,,
P118,P118_balanced_hybrid,medical_emergency,,no_breach,,,,
P118,P118_balanced_hybrid,rate_hike,,no_breach,,,,
P118,P118_balanced_hybrid,compound_shock,13,emi_affordability_limit,7014679,4276431,7452885,13838225
P118,P118_delay_build,baseline,,no_breach,,,,
P118,P118_delay_build,job_loss_6m,13,emi_affordability_limit,9559264,6579125,6500000,9638390
P118,P118_delay_build,market_crash,,no_breach,,,,
P118,P118_delay_build,medical_emergency,,no_breach,,,,
P118,P118_delay_build,rate_hike,,no_breach,,,,
P118,P118_delay_build,compound_shock,13,emi_affordability_limit,9591264,4276431,6500000,7367696
P119,P119_full_cash,baseline,25,below_emergency_reserve,108000,3704521,0,13812521
P119,P119_full_cash,job_loss_6m,25,below_emergency_reserve,108000,2434546,0,12542546
P119,P119_full_cash,market_crash,25,below_emergency_reserve,108000,927683,0,11035683
P119,P119_full_cash,medical_emergency,25,below_emergency_reserve,108000,2847792,0,12955792
P119,P119_full_cash,rate_hike,25,below_emergency_reserve,108000,3704521,0,13812521
P119,P119_full_cash,compound_shock,25,below_emergency_reserve,108000,0,0,10108000
P119,P119_high_down_payment,baseline,25,below_emergency_reserve,63883,7675256,4992273,12746866
P119,P119_high_down_payment,job_loss_6m,13,emi_affordability_limit,2519588,8420420,5000000,5940008
P119,P119_high_down_payment,market_crash,25,below_emergency_reserve,63883,4898418,4992273,9970028
P119,P119_high_down_payment,medical_emergency,25,below_emergency_reserve,63883,6818527,4992273,11890137
P119,P119_high_down_payment,rate_hike,25,below_emergency_reserve,57299,7608977,4994030,12672245
P119,P119_high_down_payment,compound_shock,13,emi_affordability_limit,2533588,5473273,5000000,3006861
P119,P119_balanced_hybrid,baseline,25,below_emergency_reserve,513703,9256126,7493421,12276408
P119,P119_balanced_hybrid,job_loss_6m,13,emi_affordability_limit,2269097,8420420,7500000,3189516
P119,P119_balanced_hybrid,market_crash,25,below_emergency_reserve,513703,6479288,7493421,9499570
P119,P119_balanced_hybrid,medical_emergency,25,below_emergency_reserve,44602,8872212,7493421,11423393
P119,P119_balanced_hybrid,rate_hike,25,below_emergency_reserve,397124,9256126,7495324,12157926
P119,P119_balanced_hybrid,compound_shock,13,emi_affordability_limit,2283097,5473273,7500000,256369
P119,P119_delay_build,baseline,25,below_emergency_reserve,50648,8866477,6489955,12427170
P119,P119_delay_build,job_loss_6m,13,emi_affordability_limit,2347264,8420420,6500000,4267684
P119,P119_delay_build,market_crash,25,below_emergency_reserve,50648,6089639,6489955,9650332
P119,P119_delay_build,medical_emergency,25,below_emergency_reserve,50648,8009748,6489955,11570441
P119,P119_delay_build,rate_hike,25,below_emergency_reserve,42089,8780313,6492239,12330163
P119,P119_delay_build,compound_shock,13,emi_affordability_limit,2361264,5473273,6500000,1334537
P120,P120_full_cash,baseline,,no_breach,,,,
P120,P120_full_cash,job_loss_6m,25,below_emergency_reserve,935000,13850266,0,24785266
P120,P120_full_cash,market_crash,,no_breach,,,,
P120,P120_full_cash,medical_emergency,,no_breach,,,,
P120,P120_full_cash,rate_hike,,no_breach,,,,
P120,P120_full_cash,compound_shock,25,below_emergency_reserve,207000,8503733,0,18710733
P120,P120_high_down_payment,baseline,,no_breach,,,,
P120,P120_high_down_payment,job_loss_6m,,no_breach,,,,
P120,P120_high_down_payment,market_crash,,no_breach,,,,
P120,P120_high_down_payment,medical_emergency,,no_breach,,,,
P120,P120_high_down_payment,rate_hike,,no_breach,,,,
P120,P120_high_down_payment,compound_shock,,no_breach,,,,
P120,P120_balanced_hybrid,baseline,,no_breach,,,,
P120,P120_balanced_hybrid,job_loss_6m,13,emi_affordability_limit,9576097,12291407,7500000,14367504
P120,P120_balanced_hybrid,market_crash,,no_breach,,,,
P120,P120_balanced_hybrid,medical_emergency,,no_breach,,,,
P120,P120_balanced_hybrid,rate_hike,,no_breach,,,,
P120,P120_balanced_hybrid,compound_shock,13,emi_affordability_limit,9602097,7989415,7500000,10091511
P120,P120_delay_build,baseline,,no_breach,,,,
P120,P120_delay_build,job_loss_6m,13,emi_affordability_limit,9654264,12291407,6500000,15445672
P120,P120_delay_build,market_crash,,no_breach,,,,
P120,P120_delay_build,medical_emergency,,no_breach,,,,
P120,P120_delay_build,rate_hike,,no_breach,,,,
P120,P120_delay_build,compound_shock,15,emi_affordability_limit,9245016,8150002,6500000,10895019
